season,match_id,match_name,home_team,away_team,bowling_team,venue,city,country,innings_id,name,fullName,overs,maidens,conceded,wickets,economyRate,dots,foursConceded,sixesConceded,wides,noballs,captain
2023,1343970,PC v PR,PC,PR,PR,"SuperSport Park, Centurion",Centurion,South Africa,1,BC Fortuin,Bjorn Fortuin,4.0,0,33,0,8.25,8,5,0,2,0,False
2023,1343970,PC v PR,PC,PR,PR,"SuperSport Park, Centurion",Centurion,South Africa,1,Codi Yusuf,Codi Yusuf,4.0,0,45,1,11.25,4,3,2,2,0,False
2023,1343970,PC v PR,PC,PR,PR,"SuperSport Park, Centurion",Centurion,South Africa,1,L Ngidi,Lungi Ngidi,4.0,0,39,2,9.75,9,4,2,2,0,False
2023,1343970,PC v PR,PC,PR,PR,"SuperSport Park, Centurion",Centurion,South Africa,1,E Jones,Evan Jones,4.0,0,57,0,14.25,3,5,3,1,1,False
2023,1343970,PC v PR,PC,PR,PR,"SuperSport Park, Centurion",Centurion,South Africa,1,AL Phehlukwayo,Andile Phehlukwayo,4.0,0,43,1,10.75,3,1,3,2,0,False
2023,1343970,PC v PR,PC,PR,PC,"SuperSport Park, Centurion",Centurion,South Africa,2,E Bosch,Eathan Bosch,4.0,0,31,1,7.75,13,3,2,0,0,False
2023,1343970,PC v PR,PC,PR,PC,"SuperSport Park, Centurion",Centurion,South Africa,2,S Muthusamy,Senuran Muthusamy,2.0,0,23,0,11.5,1,2,1,1,0,False
2023,1343970,PC v PR,PC,PR,PC,"SuperSport Park, Centurion",Centurion,South Africa,2,A Nortje,Anrich Nortje,4.0,0,14,1,3.5,12,0,0,0,0,False
2023,1343970,PC v PR,PC,PR,PC,"SuperSport Park, Centurion",Centurion,South Africa,2,M Pretorius,Migael Pretorius,3.0,0,21,2,7.0,7,1,1,0,0,False
2023,1343970,PC v PR,PC,PR,PC,"SuperSport Park, Centurion",Centurion,South Africa,2,AU Rashid,Adil Rashid,3.0,0,18,2,6.0,8,2,0,0,0,False
2023,1343970,PC v PR,PC,PR,PC,"SuperSport Park, Centurion",Centurion,South Africa,2,CA Ingram,Colin Ingram,2.0,0,21,0,10.5,6,1,2,1,0,False
2023,1343970,PC v PR,PC,PR,PC,"SuperSport Park, Centurion",Centurion,South Africa,2,JDS Neesham,James Neesham,2.0,0,28,3,14.0,4,3,2,0,0,False
2023,1343969,JSK v MICT,JSK,MICT,MICT,"The Wanderers Stadium, Johannesburg",Johannesburg,South Africa,1,GF Linde,George Linde,2.0,0,16,1,8.0,7,2,1,0,0,False
2023,1343969,JSK v MICT,JSK,MICT,MICT,"The Wanderers Stadium, Johannesburg",Johannesburg,South Africa,1,SM Curran,Sam Curran,3.0,1,26,2,8.66,12,5,1,0,0,False
2023,1343969,JSK v MICT,JSK,MICT,MICT,"The Wanderers Stadium, Johannesburg",Johannesburg,South Africa,1,JC Archer,Jofra Archer,4.0,0,35,2,8.75,12,2,3,0,0,False
2023,1343969,JSK v MICT,JSK,MICT,MICT,"The Wanderers Stadium, Johannesburg",Johannesburg,South Africa,1,K Rabada,Kagiso Rabada,3.0,0,27,0,9.0,7,5,0,0,0,False
2023,1343969,JSK v MICT,JSK,MICT,MICT,"The Wanderers Stadium, Johannesburg",Johannesburg,South Africa,1,Rashid Khan,Rashid Khan,4.0,0,42,0,10.5,5,4,0,2,0,True
2023,1343969,JSK v MICT,JSK,MICT,MICT,"The Wanderers Stadium, Johannesburg",Johannesburg,South Africa,1,TH David,Tim David,2.0,0,14,0,7.0,4,2,0,0,0,False
2023,1343969,JSK v MICT,JSK,MICT,MICT,"The Wanderers Stadium, Johannesburg",Johannesburg,South Africa,1,D Brevis,Dewald Brevis,2.0,0,18,1,9.0,5,0,2,0,0,False
2023,1343969,JSK v MICT,JSK,MICT,JSK,"The Wanderers Stadium, Johannesburg",Johannesburg,South Africa,2,KI Simmonds,Kyle Simmonds,3.0,0,23,3,7.66,6,2,1,0,0,False
2023,1343969,JSK v MICT,JSK,MICT,JSK,"The Wanderers Stadium, Johannesburg",Johannesburg,South Africa,2,LB Williams,Lizaad Williams,3.0,0,11,1,3.66,11,0,0,1,1,False
2023,1343969,JSK v MICT,JSK,MICT,JSK,"The Wanderers Stadium, Johannesburg",Johannesburg,South Africa,2,M Theekshana,Maheesh Theekshana,4.0,0,16,2,4.0,10,0,0,1,0,False
2023,1343969,JSK v MICT,JSK,MICT,JSK,"The Wanderers Stadium, Johannesburg",Johannesburg,South Africa,2,G Coetzee,Gerald Coetzee,3.5,0,27,3,7.04,13,1,2,2,0,False
2023,1343969,JSK v MICT,JSK,MICT,JSK,"The Wanderers Stadium, Johannesburg",Johannesburg,South Africa,2,R Shepherd,Romario Shepherd,3.0,0,29,0,9.66,6,1,2,1,0,False
2023,1343969,JSK v MICT,JSK,MICT,JSK,"The Wanderers Stadium, Johannesburg",Johannesburg,South Africa,2,D Ferreira,Donovan Ferreira,1.0,0,3,1,3.0,3,0,0,0,0,False
2023,1343968,PC v DSG,DSG,PC,PC,"SuperSport Park, Centurion",Centurion,South Africa,1,JB Little,Josh Little,4.0,0,39,1,9.75,11,5,2,0,0,False
2023,1343968,PC v DSG,DSG,PC,PC,"SuperSport Park, Centurion",Centurion,South Africa,1,E Bosch,Eathan Bosch,3.0,0,38,0,12.66,3,4,2,0,0,False
2023,1343968,PC v DSG,DSG,PC,PC,"SuperSport Park, Centurion",Centurion,South Africa,1,DM Dupavillon,Daryn Dupavillon,3.0,0,40,0,13.33,6,4,3,0,0,False
2023,1343968,PC v DSG,DSG,PC,PC,"SuperSport Park, Centurion",Centurion,South Africa,1,M Pretorius,Migael Pretorius,4.0,0,62,2,15.5,5,5,5,1,0,False
2023,1343968,PC v DSG,DSG,PC,PC,"SuperSport Park, Centurion",Centurion,South Africa,1,JDS Neesham,James Neesham,4.0,0,41,1,10.25,8,4,2,3,0,False
2023,1343968,PC v DSG,DSG,PC,PC,"SuperSport Park, Centurion",Centurion,South Africa,1,S Muthusamy,Senuran Muthusamy,2.0,0,29,0,14.5,1,4,1,1,0,False
2023,1343968,PC v DSG,DSG,PC,DSG,"SuperSport Park, Centurion",Centurion,South Africa,2,DJ Willey,David Willey,1.0,0,7,0,7.0,4,0,1,0,0,False
2023,1343968,PC v DSG,DSG,PC,DSG,"SuperSport Park, Centurion",Centurion,South Africa,2,RJW Topley,Reece Topley,4.0,0,21,1,5.25,15,2,1,1,0,False
2023,1343968,PC v DSG,DSG,PC,DSG,"SuperSport Park, Centurion",Centurion,South Africa,2,CJ Dala,Junior Dala,4.0,0,33,3,8.25,12,3,2,1,0,False
2023,1343968,PC v DSG,DSG,PC,DSG,"SuperSport Park, Centurion",Centurion,South Africa,2,D Pretorius,Dwaine Pretorius,2.0,0,20,2,10.0,5,2,1,1,0,False
2023,1343968,PC v DSG,DSG,PC,DSG,"SuperSport Park, Centurion",Centurion,South Africa,2,PWA Mulder,Wiaan Mulder,2.0,0,17,2,8.5,4,0,1,2,0,False
2023,1343968,PC v DSG,DSG,PC,DSG,"SuperSport Park, Centurion",Centurion,South Africa,2,KMA Paul,Keemo Paul,0.5,0,4,1,4.8,4,1,0,0,0,False
2023,1343967,JSK v SEC,JSK,SEC,SEC,"The Wanderers Stadium, Johannesburg",Johannesburg,South Africa,1,JT Smuts,JJ Smuts,4.0,0,30,0,7.5,11,3,1,1,0,False
2023,1343967,JSK v SEC,JSK,SEC,SEC,"The Wanderers Stadium, Johannesburg",Johannesburg,South Africa,1,M Jansen,Marco Jansen,4.0,0,31,1,7.75,6,2,1,0,0,False
2023,1343967,JSK v SEC,JSK,SEC,SEC,"The Wanderers Stadium, Johannesburg",Johannesburg,South Africa,1,JK Fuller,James Fuller,2.0,0,18,0,9.0,4,3,0,1,0,False
2023,1343967,JSK v SEC,JSK,SEC,SEC,"The Wanderers Stadium, Johannesburg",Johannesburg,South Africa,1,SSB Magala,Sisanda Magala,4.0,0,24,2,6.0,9,1,0,0,0,False
2023,1343967,JSK v SEC,JSK,SEC,SEC,"The Wanderers Stadium, Johannesburg",Johannesburg,South Africa,1,RE van der Merwe,Roelof van der Merwe,3.0,0,28,0,9.33,4,1,2,0,0,False
2023,1343967,JSK v SEC,JSK,SEC,SEC,"The Wanderers Stadium, Johannesburg",Johannesburg,South Africa,1,BA Carse,Brydon Carse,2.0,0,21,1,10.5,4,3,0,0,0,False
2023,1343967,JSK v SEC,JSK,SEC,SEC,"The Wanderers Stadium, Johannesburg",Johannesburg,South Africa,1,AK Markram,Aiden Markram,1.0,0,7,2,7.0,3,1,0,0,0,True
2023,1343967,JSK v SEC,JSK,SEC,JSK,"The Wanderers Stadium, Johannesburg",Johannesburg,South Africa,2,N Burger,Nandre Burger,4.0,0,21,0,5.25,14,2,0,1,0,False
2023,1343967,JSK v SEC,JSK,SEC,JSK,"The Wanderers Stadium, Johannesburg",Johannesburg,South Africa,2,M Theekshana,Maheesh Theekshana,4.0,0,31,2,7.75,11,2,2,0,0,False
2023,1343967,JSK v SEC,JSK,SEC,JSK,"The Wanderers Stadium, Johannesburg",Johannesburg,South Africa,2,G Coetzee,Gerald Coetzee,2.0,1,13,2,6.5,7,1,0,2,0,False
2023,1343967,JSK v SEC,JSK,SEC,JSK,"The Wanderers Stadium, Johannesburg",Johannesburg,South Africa,2,R Shepherd,Romario Shepherd,4.0,0,24,2,6.0,12,1,1,2,0,False
2023,1343967,JSK v SEC,JSK,SEC,JSK,"The Wanderers Stadium, Johannesburg",Johannesburg,South Africa,2,D Ferreira,Donovan Ferreira,2.0,0,18,0,9.0,1,2,0,0,0,False
2023,1343967,JSK v SEC,JSK,SEC,JSK,"The Wanderers Stadium, Johannesburg",Johannesburg,South Africa,2,KI Simmonds,Kyle Simmonds,4.0,0,23,3,5.75,7,0,1,0,0,False
2023,1343966,PC v MICT,MICT,PC,PC,"SuperSport Park, Centurion",Centurion,South Africa,1,WD Parnell,Wayne Parnell,2.1,0,3,1,1.38,10,0,0,0,0,True
2023,1343966,PC v MICT,MICT,PC,PC,"SuperSport Park, Centurion",Centurion,South Africa,1,E Bosch,Eathan Bosch,4.0,0,37,2,9.25,8,3,2,1,0,False
2023,1343966,PC v MICT,MICT,PC,PC,"SuperSport Park, Centurion",Centurion,South Africa,1,JB Little,Josh Little,4.0,0,37,1,9.25,9,5,1,0,0,False
2023,1343966,PC v MICT,MICT,PC,PC,"SuperSport Park, Centurion",Centurion,South Africa,1,A Nortje,Anrich Nortje,4.0,0,37,2,9.25,12,2,2,3,1,False
2023,1343966,PC v MICT,MICT,PC,PC,"SuperSport Park, Centurion",Centurion,South Africa,1,JDS Neesham,James Neesham,4.0,0,26,2,6.5,14,1,2,2,0,False
2023,1343966,PC v MICT,MICT,PC,PC,"SuperSport Park, Centurion",Centurion,South Africa,1,S Muthusamy,Senuran Muthusamy,1.3,0,17,0,11.33,1,1,1,1,0,False
2023,1343966,PC v MICT,MICT,PC,MICT,"SuperSport Park, Centurion",Centurion,South Africa,2,SM Curran,Sam Curran,4.0,0,26,3,6.5,13,4,0,0,0,False
2023,1343966,PC v MICT,MICT,PC,MICT,"SuperSport Park, Centurion",Centurion,South Africa,2,K Rabada,Kagiso Rabada,4.0,0,34,1,8.5,11,3,2,0,0,False
2023,1343966,PC v MICT,MICT,PC,MICT,"SuperSport Park, Centurion",Centurion,South Africa,2,D Jansen,Duan Jansen,4.0,0,47,2,11.75,10,5,3,1,0,False
2023,1343966,PC v MICT,MICT,PC,MICT,"SuperSport Park, Centurion",Centurion,South Africa,2,Rashid Khan,Rashid Khan,4.0,0,17,1,4.25,12,0,0,1,0,True
2023,1343966,PC v MICT,MICT,PC,MICT,"SuperSport Park, Centurion",Centurion,South Africa,2,OF Smith,Odean Smith,4.0,0,34,2,8.5,13,3,2,2,1,False
2023,1343965,DSG v SEC,SEC,DSG,DSG,"Kingsmead, Durban",Durban,South Africa,2,DJ Willey,David Willey,2.0,0,15,0,7.5,8,2,1,0,0,False
2023,1343965,DSG v SEC,SEC,DSG,DSG,"Kingsmead, Durban",Durban,South Africa,2,RJW Topley,Reece Topley,2.0,0,20,2,10.0,6,3,1,0,0,False
2023,1343965,DSG v SEC,SEC,DSG,DSG,"Kingsmead, Durban",Durban,South Africa,2,PWA Mulder,Wiaan Mulder,1.0,0,7,1,7.0,2,1,0,0,0,False
2023,1343965,DSG v SEC,SEC,DSG,DSG,"Kingsmead, Durban",Durban,South Africa,2,KMA Paul,Keemo Paul,0.2,0,10,0,30.0,1,2,0,1,1,False
2023,1343964,JSK v PR,PR,JSK,JSK,"The Wanderers Stadium, Johannesburg",Johannesburg,South Africa,2,N Burger,Nandre Burger,3.0,0,26,1,8.66,8,1,2,1,0,False
2023,1343964,JSK v PR,PR,JSK,JSK,"The Wanderers Stadium, Johannesburg",Johannesburg,South Africa,2,KI Simmonds,Kyle Simmonds,2.0,0,20,0,10.0,6,3,1,0,0,False
2023,1343964,JSK v PR,PR,JSK,JSK,"The Wanderers Stadium, Johannesburg",Johannesburg,South Africa,2,G Coetzee,Gerald Coetzee,2.0,0,24,1,12.0,5,2,2,0,0,False
2023,1343964,JSK v PR,PR,JSK,JSK,"The Wanderers Stadium, Johannesburg",Johannesburg,South Africa,2,M Theekshana,Maheesh Theekshana,3.0,0,16,0,5.33,11,3,0,0,0,False
2023,1343964,JSK v PR,PR,JSK,JSK,"The Wanderers Stadium, Johannesburg",Johannesburg,South Africa,2,R Shepherd,Romario Shepherd,3.0,0,30,1,10.0,7,3,1,1,0,False
2023,1343964,JSK v PR,PR,JSK,JSK,"The Wanderers Stadium, Johannesburg",Johannesburg,South Africa,2,D Ferreira,Donovan Ferreira,2.0,0,5,1,2.5,7,0,0,0,0,False
2023,1343963,DSG v MICT,MICT,DSG,DSG,"Kingsmead, Durban",Durban,South Africa,1,DJ Willey,David Willey,3.0,0,26,1,8.66,8,3,1,1,0,False
2023,1343963,DSG v MICT,MICT,DSG,DSG,"Kingsmead, Durban",Durban,South Africa,1,RJW Topley,Reece Topley,4.0,0,28,0,7.0,11,3,1,0,0,False
2023,1343963,DSG v MICT,MICT,DSG,DSG,"Kingsmead, Durban",Durban,South Africa,1,D Pretorius,Dwaine Pretorius,4.0,0,38,2,9.5,12,1,3,5,0,False
2023,1343963,DSG v MICT,MICT,DSG,DSG,"Kingsmead, Durban",Durban,South Africa,1,PWA Mulder,Wiaan Mulder,3.0,0,31,1,10.33,5,4,1,1,0,False
2023,1343963,DSG v MICT,MICT,DSG,DSG,"Kingsmead, Durban",Durban,South Africa,1,SR Harmer,Simon Harmer,3.0,0,21,0,7.0,4,0,1,2,0,False
2023,1343963,DSG v MICT,MICT,DSG,DSG,"Kingsmead, Durban",Durban,South Africa,1,KA Maharaj,Keshav Maharaj,3.0,0,20,1,6.66,10,0,2,2,0,False
2023,1343963,DSG v MICT,MICT,DSG,MICT,"Kingsmead, Durban",Durban,South Africa,2,BE Hendricks,Beuran Hendricks,2.0,0,20,0,10.0,6,3,1,0,0,False
2023,1343963,DSG v MICT,MICT,DSG,MICT,"Kingsmead, Durban",Durban,South Africa,2,K Rabada,Kagiso Rabada,4.0,0,22,3,5.5,13,2,1,0,0,False
2023,1343963,DSG v MICT,MICT,DSG,MICT,"Kingsmead, Durban",Durban,South Africa,2,D Jansen,Duan Jansen,3.5,0,28,1,7.3,11,1,2,2,0,False
2023,1343963,DSG v MICT,MICT,DSG,MICT,"Kingsmead, Durban",Durban,South Africa,2,OF Smith,Odean Smith,2.0,0,26,0,13.0,2,5,0,0,0,False
2023,1343963,DSG v MICT,MICT,DSG,MICT,"Kingsmead, Durban",Durban,South Africa,2,Rashid Khan,Rashid Khan,4.0,0,24,0,6.0,10,3,0,0,0,True
2023,1343963,DSG v MICT,MICT,DSG,MICT,"Kingsmead, Durban",Durban,South Africa,2,TH David,Tim David,2.0,0,15,1,7.5,1,1,0,0,0,False
2023,1343963,DSG v MICT,MICT,DSG,MICT,"Kingsmead, Durban",Durban,South Africa,2,GF Linde,George Linde,2.0,0,24,0,12.0,4,3,1,1,0,False
2023,1343962,JSK v DSG,DSG,JSK,JSK,"The Wanderers Stadium, Johannesburg",Johannesburg,South Africa,1,N Burger,Nandre Burger,3.0,0,32,0,10.66,5,3,2,0,0,False
2023,1343962,JSK v DSG,DSG,JSK,JSK,"The Wanderers Stadium, Johannesburg",Johannesburg,South Africa,1,M Theekshana,Maheesh Theekshana,4.0,0,30,3,7.5,13,2,2,0,0,False
2023,1343962,JSK v DSG,DSG,JSK,JSK,"The Wanderers Stadium, Johannesburg",Johannesburg,South Africa,1,AS Joseph,Alzarri Joseph,4.0,0,38,0,9.5,7,4,1,1,0,False
2023,1343962,JSK v DSG,DSG,JSK,JSK,"The Wanderers Stadium, Johannesburg",Johannesburg,South Africa,1,G Coetzee,Gerald Coetzee,3.0,0,21,3,7.0,7,1,1,1,0,False
2023,1343962,JSK v DSG,DSG,JSK,JSK,"The Wanderers Stadium, Johannesburg",Johannesburg,South Africa,1,R Shepherd,Romario Shepherd,3.0,0,21,0,7.0,4,2,0,0,0,False
2023,1343962,JSK v DSG,DSG,JSK,JSK,"The Wanderers Stadium, Johannesburg",Johannesburg,South Africa,1,N Brand,Neil Brand,3.0,0,28,0,9.33,3,3,0,0,0,False
2023,1343962,JSK v DSG,DSG,JSK,DSG,"The Wanderers Stadium, Johannesburg",Johannesburg,South Africa,2,KR Mayers,Kyle Mayers,2.0,0,6,0,3.0,8,0,0,2,0,False
2023,1343962,JSK v DSG,DSG,JSK,DSG,"The Wanderers Stadium, Johannesburg",Johannesburg,South Africa,2,KA Maharaj,Keshav Maharaj,4.0,0,27,0,6.75,8,2,1,0,0,False
2023,1343962,JSK v DSG,DSG,JSK,DSG,"The Wanderers Stadium, Johannesburg",Johannesburg,South Africa,2,RJW Topley,Reece Topley,4.0,0,19,1,4.75,12,2,0,0,0,False
2023,1343962,JSK v DSG,DSG,JSK,DSG,"The Wanderers Stadium, Johannesburg",Johannesburg,South Africa,2,JO Holder,Jason Holder,2.0,0,31,0,15.5,3,2,3,1,0,False
2023,1343962,JSK v DSG,DSG,JSK,DSG,"The Wanderers Stadium, Johannesburg",Johannesburg,South Africa,2,GC Viljoen,Hardus Viljoen,3.1,0,40,0,12.63,7,4,3,0,0,False
2023,1343962,JSK v DSG,DSG,JSK,DSG,"The Wanderers Stadium, Johannesburg",Johannesburg,South Africa,2,SR Harmer,Simon Harmer,3.0,0,41,0,13.66,3,3,3,0,0,False
2023,1343962,JSK v DSG,DSG,JSK,DSG,"The Wanderers Stadium, Johannesburg",Johannesburg,South Africa,2,PWA Mulder,Wiaan Mulder,1.0,0,8,1,8.0,3,1,0,1,0,False
2023,1343961,SEC v PR,SEC,PR,PR,"St George's Park, Gqeberha",Gqeberha,South Africa,1,BC Fortuin,Bjorn Fortuin,4.0,0,25,1,6.25,11,4,0,0,0,False
2023,1343961,SEC v PR,SEC,PR,PR,"St George's Park, Gqeberha",Gqeberha,South Africa,1,L Ngidi,Lungi Ngidi,4.0,0,21,1,5.25,12,1,1,0,0,False
2023,1343961,SEC v PR,SEC,PR,PR,"St George's Park, Gqeberha",Gqeberha,South Africa,1,E Jones,Evan Jones,4.0,1,27,2,6.75,11,3,0,2,0,False
2023,1343961,SEC v PR,SEC,PR,PR,"St George's Park, Gqeberha",Gqeberha,South Africa,1,AL Phehlukwayo,Andile Phehlukwayo,4.0,0,26,2,6.5,6,2,0,0,0,False
2023,1343961,SEC v PR,SEC,PR,PR,"St George's Park, Gqeberha",Gqeberha,South Africa,1,T Shamsi,Tabraiz Shamsi,4.0,0,29,1,7.25,4,3,0,0,0,False
2023,1343961,SEC v PR,SEC,PR,SEC,"St George's Park, Gqeberha",Gqeberha,South Africa,2,JT Smuts,JJ Smuts,4.0,0,20,1,5.0,10,0,1,0,0,False
2023,1343961,SEC v PR,SEC,PR,SEC,"St George's Park, Gqeberha",Gqeberha,South Africa,2,SSB Magala,Sisanda Magala,3.0,0,43,1,14.33,4,2,4,0,0,False
2023,1343961,SEC v PR,SEC,PR,SEC,"St George's Park, Gqeberha",Gqeberha,South Africa,2,M Jansen,Marco Jansen,3.0,0,21,1,7.0,5,2,0,0,1,False
2023,1343961,SEC v PR,SEC,PR,SEC,"St George's Park, Gqeberha",Gqeberha,South Africa,2,RE van der Merwe,Roelof van der Merwe,4.0,0,11,2,2.75,13,0,0,0,0,False
2023,1343961,SEC v PR,SEC,PR,SEC,"St George's Park, Gqeberha",Gqeberha,South Africa,2,BA Carse,Brydon Carse,3.5,0,24,0,6.26,8,1,1,0,0,False
2023,1343961,SEC v PR,SEC,PR,SEC,"St George's Park, Gqeberha",Gqeberha,South Africa,2,AK Markram,Aiden Markram,1.0,0,10,0,10.0,1,0,1,0,0,True
2023,1343960,MICT v PC,PC,MICT,MICT,"Newlands, Cape Town",Cape Town,South Africa,1,GF Linde,George Linde,3.0,0,35,0,11.66,5,5,1,0,0,False
2023,1343960,MICT v PC,PC,MICT,MICT,"Newlands, Cape Town",Cape Town,South Africa,1,K Rabada,Kagiso Rabada,4.0,0,49,0,12.25,6,3,3,2,0,False
2023,1343960,MICT v PC,PC,MICT,MICT,"Newlands, Cape Town",Cape Town,South Africa,1,JC Archer,Jofra Archer,4.0,0,37,3,9.25,11,3,2,3,0,False
2023,1343960,MICT v PC,PC,MICT,MICT,"Newlands, Cape Town",Cape Town,South Africa,1,SM Curran,Sam Curran,1.0,0,15,0,15.0,2,2,1,0,0,False
2023,1343960,MICT v PC,PC,MICT,MICT,"Newlands, Cape Town",Cape Town,South Africa,1,Rashid Khan,Rashid Khan,4.0,0,16,3,4.0,11,1,0,0,0,True
2023,1343960,MICT v PC,PC,MICT,MICT,"Newlands, Cape Town",Cape Town,South Africa,1,OF Smith,Odean Smith,4.0,0,27,2,6.75,11,1,1,0,1,False
2023,1343960,MICT v PC,PC,MICT,PC,"Newlands, Cape Town",Cape Town,South Africa,2,E Bosch,Eathan Bosch,4.0,0,34,1,8.5,10,4,1,1,0,False
2023,1343960,MICT v PC,PC,MICT,PC,"Newlands, Cape Town",Cape Town,South Africa,2,WD Parnell,Wayne Parnell,3.1,0,14,3,4.42,11,2,0,0,0,True
2023,1343960,MICT v PC,PC,MICT,PC,"Newlands, Cape Town",Cape Town,South Africa,2,A Nortje,Anrich Nortje,4.0,0,22,3,5.5,13,2,1,0,0,False
2023,1343960,MICT v PC,PC,MICT,PC,"Newlands, Cape Town",Cape Town,South Africa,2,AU Rashid,Adil Rashid,4.0,0,37,2,9.25,11,2,3,2,0,False
2023,1343960,MICT v PC,PC,MICT,PC,"Newlands, Cape Town",Cape Town,South Africa,2,JDS Neesham,James Neesham,2.0,0,11,0,5.5,4,0,0,1,0,False
2023,1343960,MICT v PC,PC,MICT,PC,"Newlands, Cape Town",Cape Town,South Africa,2,WG Jacks,Will Jacks,1.0,0,9,1,9.0,1,0,0,1,0,False
2023,1343959,SEC v DSG,SEC,DSG,DSG,"St George's Park, Gqeberha",Gqeberha,South Africa,1,KR Mayers,Kyle Mayers,1.0,0,9,0,9.0,3,2,0,0,0,False
2023,1343959,SEC v DSG,SEC,DSG,DSG,"St George's Park, Gqeberha",Gqeberha,South Africa,1,A Dananjaya,Akila Dananjaya,3.0,0,19,0,6.33,10,2,1,0,0,False
2023,1343959,SEC v DSG,SEC,DSG,DSG,"St George's Park, Gqeberha",Gqeberha,South Africa,1,KA Maharaj,Keshav Maharaj,3.0,0,37,0,12.33,4,2,3,1,0,False
2023,1343959,SEC v DSG,SEC,DSG,DSG,"St George's Park, Gqeberha",Gqeberha,South Africa,1,P Subrayen,Prenelan Subrayen,3.0,0,28,0,9.33,5,4,0,0,0,False
2023,1343959,SEC v DSG,SEC,DSG,DSG,"St George's Park, Gqeberha",Gqeberha,South Africa,1,D Pretorius,Dwaine Pretorius,3.0,0,36,1,12.0,5,4,2,0,0,False
2023,1343959,SEC v DSG,SEC,DSG,DSG,"St George's Park, Gqeberha",Gqeberha,South Africa,1,JO Holder,Jason Holder,4.0,0,41,0,10.25,7,5,1,1,0,False
2023,1343959,SEC v DSG,SEC,DSG,DSG,"St George's Park, Gqeberha",Gqeberha,South Africa,1,PWA Mulder,Wiaan Mulder,3.0,0,36,0,12.0,4,4,1,1,1,False
2023,1343959,SEC v DSG,SEC,DSG,SEC,"St George's Park, Gqeberha",Gqeberha,South Africa,2,JT Smuts,JJ Smuts,2.4,0,14,1,5.25,8,2,0,0,0,False
2023,1343959,SEC v DSG,SEC,DSG,SEC,"St George's Park, Gqeberha",Gqeberha,South Africa,2,AK Markram,Aiden Markram,3.0,1,11,1,3.66,11,1,0,0,0,True
2023,1343959,SEC v DSG,SEC,DSG,SEC,"St George's Park, Gqeberha",Gqeberha,South Africa,2,SSB Magala,Sisanda Magala,1.0,0,15,0,15.0,2,1,1,0,0,False
2023,1343959,SEC v DSG,SEC,DSG,SEC,"St George's Park, Gqeberha",Gqeberha,South Africa,2,M Jansen,Marco Jansen,1.0,0,5,1,5.0,4,1,0,0,0,False
2023,1343959,SEC v DSG,SEC,DSG,SEC,"St George's Park, Gqeberha",Gqeberha,South Africa,2,RE van der Merwe,Roelof van der Merwe,4.0,0,20,6,5.0,15,0,1,1,0,False
2023,1343959,SEC v DSG,SEC,DSG,SEC,"St George's Park, Gqeberha",Gqeberha,South Africa,2,MS Crane,Mason Crane,3.0,0,21,1,7.0,7,0,2,0,0,False
2023,1343958,PR v PC,PC,PR,PR,"Boland Park, Paarl",Paarl,South Africa,1,BC Fortuin,Bjorn Fortuin,4.0,0,32,1,8.0,9,4,1,0,0,False
2023,1343958,PR v PC,PC,PR,PR,"Boland Park, Paarl",Paarl,South Africa,1,L Ngidi,Lungi Ngidi,4.0,0,19,1,4.75,11,1,0,2,0,False
2023,1343958,PR v PC,PC,PR,PR,"Boland Park, Paarl",Paarl,South Africa,1,E Jones,Evan Jones,3.0,0,25,1,8.33,8,2,1,2,1,False
2023,1343958,PR v PC,PC,PR,PR,"Boland Park, Paarl",Paarl,South Africa,1,T Shamsi,Tabraiz Shamsi,4.0,0,29,1,7.25,6,1,0,1,0,False
2023,1343958,PR v PC,PC,PR,PR,"Boland Park, Paarl",Paarl,South Africa,1,FD Adams,Ferisco Adams,4.0,0,38,2,9.5,6,5,0,1,0,False
2023,1343958,PR v PC,PC,PR,PR,"Boland Park, Paarl",Paarl,South Africa,1,WJ Lubbe,Wihan Lubbe,1.0,0,13,0,13.0,0,2,0,0,0,False
2023,1343958,PR v PC,PC,PR,PC,"Boland Park, Paarl",Paarl,South Africa,2,WD Parnell,Wayne Parnell,3.0,0,24,0,8.0,6,3,0,0,0,True
2023,1343958,PR v PC,PC,PR,PC,"Boland Park, Paarl",Paarl,South Africa,2,E Bosch,Eathan Bosch,3.0,0,26,1,8.66,6,2,1,1,0,False
2023,1343958,PR v PC,PC,PR,PC,"Boland Park, Paarl",Paarl,South Africa,2,A Nortje,Anrich Nortje,3.4,0,34,0,9.27,8,6,0,0,0,False
2023,1343958,PR v PC,PC,PR,PC,"Boland Park, Paarl",Paarl,South Africa,2,AU Rashid,Adil Rashid,4.0,0,26,1,6.5,8,2,0,1,0,False
2023,1343958,PR v PC,PC,PR,PC,"Boland Park, Paarl",Paarl,South Africa,2,S Muthusamy,Senuran Muthusamy,3.0,0,23,0,7.66,6,3,0,1,0,False
2023,1343958,PR v PC,PC,PR,PC,"Boland Park, Paarl",Paarl,South Africa,2,JDS Neesham,James Neesham,2.0,0,17,0,8.5,3,1,0,2,0,False
2023,1343958,PR v PC,PC,PR,PC,"Boland Park, Paarl",Paarl,South Africa,2,WG Jacks,Will Jacks,1.0,0,7,2,7.0,2,1,0,0,0,False
2023,1343957,SEC v JSK,SEC,JSK,JSK,"St George's Park, Gqeberha",Gqeberha,South Africa,1,AS Joseph,Alzarri Joseph,3.0,0,28,0,9.33,10,2,2,1,2,False
2023,1343957,SEC v JSK,SEC,JSK,JSK,"St George's Park, Gqeberha",Gqeberha,South Africa,1,M Theekshana,Maheesh Theekshana,4.0,0,27,0,6.75,6,2,0,0,0,False
2023,1343957,SEC v JSK,SEC,JSK,JSK,"St George's Park, Gqeberha",Gqeberha,South Africa,1,G Coetzee,Gerald Coetzee,3.4,0,24,4,6.54,9,1,1,0,0,False
2023,1343957,SEC v JSK,SEC,JSK,JSK,"St George's Park, Gqeberha",Gqeberha,South Africa,1,R Shepherd,Romario Shepherd,3.0,0,20,1,6.66,6,2,0,0,0,False
2023,1343957,SEC v JSK,SEC,JSK,JSK,"St George's Park, Gqeberha",Gqeberha,South Africa,1,AM Phangiso,Aaron Phangiso,4.0,0,20,4,5.0,12,2,0,0,0,False
2023,1343957,SEC v JSK,SEC,JSK,JSK,"St George's Park, Gqeberha",Gqeberha,South Africa,1,N Brand,Neil Brand,1.0,0,7,0,7.0,2,1,0,0,0,False
2023,1343957,SEC v JSK,SEC,JSK,SEC,"St George's Park, Gqeberha",Gqeberha,South Africa,2,SSB Magala,Sisanda Magala,3.4,0,29,1,7.9,8,4,0,0,1,False
2023,1343957,SEC v JSK,SEC,JSK,SEC,"St George's Park, Gqeberha",Gqeberha,South Africa,2,M Jansen,Marco Jansen,3.0,0,25,0,8.33,8,3,0,1,1,False
2023,1343957,SEC v JSK,SEC,JSK,SEC,"St George's Park, Gqeberha",Gqeberha,South Africa,2,BA Carse,Brydon Carse,1.0,0,6,0,6.0,3,1,0,0,0,False
2023,1343957,SEC v JSK,SEC,JSK,SEC,"St George's Park, Gqeberha",Gqeberha,South Africa,2,JK Fuller,James Fuller,1.0,0,16,0,16.0,0,3,0,1,0,False
2023,1343957,SEC v JSK,SEC,JSK,SEC,"St George's Park, Gqeberha",Gqeberha,South Africa,2,RE van der Merwe,Roelof van der Merwe,4.0,0,16,2,4.0,10,0,0,1,0,False
2023,1343957,SEC v JSK,SEC,JSK,SEC,"St George's Park, Gqeberha",Gqeberha,South Africa,2,AK Markram,Aiden Markram,4.0,0,28,0,7.0,7,2,0,1,0,True
2023,1343957,SEC v JSK,SEC,JSK,SEC,"St George's Park, Gqeberha",Gqeberha,South Africa,2,JT Smuts,JJ Smuts,3.0,0,8,1,2.66,10,0,0,0,0,False
2023,1343956,PR v MICT,MICT,PR,PR,"Boland Park, Paarl",Paarl,South Africa,1,BC Fortuin,Bjorn Fortuin,4.0,0,22,2,5.5,11,3,0,0,0,False
2023,1343956,PR v MICT,MICT,PR,PR,"Boland Park, Paarl",Paarl,South Africa,1,WJ Lubbe,Wihan Lubbe,2.0,0,9,0,4.5,4,0,0,0,0,False
2023,1343956,PR v MICT,MICT,PR,PR,"Boland Park, Paarl",Paarl,South Africa,1,L Ngidi,Lungi Ngidi,4.0,0,29,2,7.25,10,2,1,1,0,False
2023,1343956,PR v MICT,MICT,PR,PR,"Boland Park, Paarl",Paarl,South Africa,1,FD Adams,Ferisco Adams,4.0,0,31,2,7.75,6,3,0,0,0,False
2023,1343956,PR v MICT,MICT,PR,PR,"Boland Park, Paarl",Paarl,South Africa,1,T Shamsi,Tabraiz Shamsi,4.0,0,27,2,6.75,9,2,1,0,0,False
2023,1343956,PR v MICT,MICT,PR,PR,"Boland Park, Paarl",Paarl,South Africa,1,E Jones,Evan Jones,2.0,0,22,0,11.0,3,3,0,2,0,False
2023,1343956,PR v MICT,MICT,PR,MICT,"Boland Park, Paarl",Paarl,South Africa,2,GF Linde,George Linde,4.0,0,23,2,5.75,14,2,0,1,0,False
2023,1343956,PR v MICT,MICT,PR,MICT,"Boland Park, Paarl",Paarl,South Africa,2,K Rabada,Kagiso Rabada,4.0,0,27,2,6.75,7,2,0,1,0,False
2023,1343956,PR v MICT,MICT,PR,MICT,"Boland Park, Paarl",Paarl,South Africa,2,JC Archer,Jofra Archer,4.0,0,31,1,7.75,11,5,0,2,0,False
2023,1343956,PR v MICT,MICT,PR,MICT,"Boland Park, Paarl",Paarl,South Africa,2,Rashid Khan,Rashid Khan,4.0,0,16,1,4.0,8,0,0,0,0,True
2023,1343956,PR v MICT,MICT,PR,MICT,"Boland Park, Paarl",Paarl,South Africa,2,OF Smith,Odean Smith,2.0,0,16,0,8.0,3,1,0,0,0,False
2023,1343956,PR v MICT,MICT,PR,MICT,"Boland Park, Paarl",Paarl,South Africa,2,SM Curran,Sam Curran,2.0,0,15,0,7.5,3,2,0,0,0,False
2023,1343955,DSG v PC,DSG,PC,PC,"Kingsmead, Durban",Durban,South Africa,1,WD Parnell,Wayne Parnell,3.0,0,12,2,4.0,13,2,0,1,0,True
2023,1343955,DSG v PC,DSG,PC,PC,"Kingsmead, Durban",Durban,South Africa,1,E Bosch,Eathan Bosch,3.0,0,10,2,3.33,11,1,0,0,0,False
2023,1343955,DSG v PC,DSG,PC,PC,"Kingsmead, Durban",Durban,South Africa,1,A Nortje,Anrich Nortje,3.1,0,15,2,4.73,12,1,1,0,0,False
2023,1343955,DSG v PC,DSG,PC,PC,"Kingsmead, Durban",Durban,South Africa,1,JDS Neesham,James Neesham,1.0,0,20,0,20.0,1,0,3,0,0,False
2023,1343955,DSG v PC,DSG,PC,PC,"Kingsmead, Durban",Durban,South Africa,1,AU Rashid,Adil Rashid,4.0,1,10,1,2.5,15,0,0,0,0,False
2023,1343955,DSG v PC,DSG,PC,PC,"Kingsmead, Durban",Durban,South Africa,1,S Muthusamy,Senuran Muthusamy,4.0,0,12,3,3.0,14,0,0,2,0,False
2023,1343955,DSG v PC,DSG,PC,DSG,"Kingsmead, Durban",Durban,South Africa,2,KR Mayers,Kyle Mayers,2.0,0,12,1,6.0,8,2,0,1,0,False
2023,1343955,DSG v PC,DSG,PC,DSG,"Kingsmead, Durban",Durban,South Africa,2,RJW Topley,Reece Topley,1.0,0,13,0,13.0,2,1,1,0,0,False
2023,1343955,DSG v PC,DSG,PC,DSG,"Kingsmead, Durban",Durban,South Africa,2,GC Viljoen,Hardus Viljoen,2.0,0,30,0,15.0,2,3,2,0,0,False
2023,1343955,DSG v PC,DSG,PC,DSG,"Kingsmead, Durban",Durban,South Africa,2,JO Holder,Jason Holder,1.0,0,10,0,10.0,3,2,0,0,0,False
2023,1343955,DSG v PC,DSG,PC,DSG,"Kingsmead, Durban",Durban,South Africa,2,KA Maharaj,Keshav Maharaj,1.0,0,8,1,8.0,3,0,1,0,0,False
2023,1343955,DSG v PC,DSG,PC,DSG,"Kingsmead, Durban",Durban,South Africa,2,P Subrayen,Prenelan Subrayen,0.4,0,6,0,9.0,1,1,0,0,0,False
2023,1343954,PR v SEC,PR,SEC,SEC,"Boland Park, Paarl",Paarl,South Africa,1,A Gqamane,Ayabulela Gqamane,1.0,0,12,0,12.0,1,2,0,0,0,False
2023,1343954,PR v SEC,PR,SEC,SEC,"Boland Park, Paarl",Paarl,South Africa,1,SSB Magala,Sisanda Magala,4.0,0,15,1,3.75,10,0,0,0,0,False
2023,1343954,PR v SEC,PR,SEC,SEC,"Boland Park, Paarl",Paarl,South Africa,1,AK Markram,Aiden Markram,4.0,0,21,2,5.25,11,2,0,0,0,True
2023,1343954,PR v SEC,PR,SEC,SEC,"Boland Park, Paarl",Paarl,South Africa,1,M Jansen,Marco Jansen,3.0,0,19,0,6.33,9,1,0,1,0,False
2023,1343954,PR v SEC,PR,SEC,SEC,"Boland Park, Paarl",Paarl,South Africa,1,RE van der Merwe,Roelof van der Merwe,4.0,0,21,2,5.25,5,0,0,0,0,False
2023,1343954,PR v SEC,PR,SEC,SEC,"Boland Park, Paarl",Paarl,South Africa,1,BA Carse,Brydon Carse,4.0,0,29,2,7.25,8,2,1,1,0,False
2023,1343954,PR v SEC,PR,SEC,PR,"Boland Park, Paarl",Paarl,South Africa,2,BC Fortuin,Bjorn Fortuin,4.0,1,20,3,5.0,14,3,0,0,0,False
2023,1343954,PR v SEC,PR,SEC,PR,"Boland Park, Paarl",Paarl,South Africa,2,L Ngidi,Lungi Ngidi,4.0,0,31,2,7.75,13,4,1,3,0,False
2023,1343954,PR v SEC,PR,SEC,PR,"Boland Park, Paarl",Paarl,South Africa,2,Codi Yusuf,Codi Yusuf,3.2,0,24,0,7.2,6,1,1,0,0,False
2023,1343954,PR v SEC,PR,SEC,PR,"Boland Park, Paarl",Paarl,South Africa,2,T Shamsi,Tabraiz Shamsi,4.0,0,22,0,5.5,7,1,0,0,0,False
2023,1343954,PR v SEC,PR,SEC,PR,"Boland Park, Paarl",Paarl,South Africa,2,E Jones,Evan Jones,3.0,0,32,0,10.66,5,0,3,1,0,False
2023,1343953,PC v JSK,JSK,PC,PC,"SuperSport Park, Centurion",Centurion,South Africa,1,E Bosch,Eathan Bosch,2.0,0,21,1,10.5,8,1,2,1,1,False
2023,1343953,PC v JSK,JSK,PC,PC,"SuperSport Park, Centurion",Centurion,South Africa,1,WD Parnell,Wayne Parnell,3.0,0,40,0,13.33,8,6,2,1,1,True
2023,1343953,PC v JSK,JSK,PC,PC,"SuperSport Park, Centurion",Centurion,South Africa,1,M Pretorius,Migael Pretorius,1.0,0,13,1,13.0,2,3,0,0,0,False
2023,1343953,PC v JSK,JSK,PC,PC,"SuperSport Park, Centurion",Centurion,South Africa,1,A Nortje,Anrich Nortje,4.0,0,12,3,3.0,16,1,0,0,0,False
2023,1343953,PC v JSK,JSK,PC,PC,"SuperSport Park, Centurion",Centurion,South Africa,1,JDS Neesham,James Neesham,3.0,0,7,3,2.33,13,0,0,1,0,False
2023,1343953,PC v JSK,JSK,PC,PC,"SuperSport Park, Centurion",Centurion,South Africa,1,AU Rashid,Adil Rashid,2.4,0,25,2,9.37,8,2,2,0,0,False
2023,1343953,PC v JSK,JSK,PC,JSK,"SuperSport Park, Centurion",Centurion,South Africa,2,N Burger,Nandre Burger,3.0,0,24,1,8.0,7,2,1,0,0,False
2023,1343953,PC v JSK,JSK,PC,JSK,"SuperSport Park, Centurion",Centurion,South Africa,2,AS Joseph,Alzarri Joseph,3.0,0,40,0,13.33,5,5,2,0,0,False
2023,1343953,PC v JSK,JSK,PC,JSK,"SuperSport Park, Centurion",Centurion,South Africa,2,G Coetzee,Gerald Coetzee,2.0,0,25,1,12.5,4,2,1,2,0,False
2023,1343953,PC v JSK,JSK,PC,JSK,"SuperSport Park, Centurion",Centurion,South Africa,2,AM Phangiso,Aaron Phangiso,2.0,0,14,0,7.0,2,1,0,0,0,False
2023,1343953,PC v JSK,JSK,PC,JSK,"SuperSport Park, Centurion",Centurion,South Africa,2,R Shepherd,Romario Shepherd,1.0,0,7,0,7.0,2,1,0,0,0,False
2023,1343953,PC v JSK,JSK,PC,JSK,"SuperSport Park, Centurion",Centurion,South Africa,2,L Gregory,Lewis Gregory,2.0,0,12,1,6.0,6,2,0,0,0,False
2023,1343952,MICT v SEC,MICT,SEC,SEC,"Newlands, Cape Town",Cape Town,South Africa,1,M Jansen,Marco Jansen,4.0,0,29,0,7.25,11,4,0,1,0,False
2023,1343952,MICT v SEC,MICT,SEC,SEC,"Newlands, Cape Town",Cape Town,South Africa,1,SSB Magala,Sisanda Magala,4.0,0,49,1,12.25,6,4,3,0,0,False
2023,1343952,MICT v SEC,MICT,SEC,SEC,"Newlands, Cape Town",Cape Town,South Africa,1,BA Carse,Brydon Carse,2.0,0,24,0,12.0,3,1,2,0,0,False
2023,1343952,MICT v SEC,MICT,SEC,SEC,"Newlands, Cape Town",Cape Town,South Africa,1,RE van der Merwe,Roelof van der Merwe,4.0,0,21,2,5.25,12,2,0,1,0,False
2023,1343952,MICT v SEC,MICT,SEC,SEC,"Newlands, Cape Town",Cape Town,South Africa,1,AK Markram,Aiden Markram,3.0,0,26,1,8.66,6,2,1,1,0,True
2023,1343952,MICT v SEC,MICT,SEC,SEC,"Newlands, Cape Town",Cape Town,South Africa,1,OEG Baartman,Ottniel Baartman,3.0,0,21,2,7.0,6,3,0,0,0,False
2023,1343952,MICT v SEC,MICT,SEC,MICT,"Newlands, Cape Town",Cape Town,South Africa,2,SM Curran,Sam Curran,3.3,0,40,1,11.42,5,6,0,0,2,False
2023,1343952,MICT v SEC,MICT,SEC,MICT,"Newlands, Cape Town",Cape Town,South Africa,2,JC Archer,Jofra Archer,4.0,0,18,1,4.5,11,0,0,3,0,False
2023,1343952,MICT v SEC,MICT,SEC,MICT,"Newlands, Cape Town",Cape Town,South Africa,2,K Rabada,Kagiso Rabada,4.0,0,34,3,8.5,14,1,3,3,0,False
2023,1343952,MICT v SEC,MICT,SEC,MICT,"Newlands, Cape Town",Cape Town,South Africa,2,GF Linde,George Linde,3.0,0,20,0,6.66,4,1,0,1,0,False
2023,1343952,MICT v SEC,MICT,SEC,MICT,"Newlands, Cape Town",Cape Town,South Africa,2,Rashid Khan,Rashid Khan,4.0,0,53,1,13.25,9,1,7,0,0,True
2023,1343952,MICT v SEC,MICT,SEC,MICT,"Newlands, Cape Town",Cape Town,South Africa,2,OF Smith,Odean Smith,1.0,0,7,0,7.0,1,0,0,1,0,False
2023,1343951,JSK v PC,JSK,PC,PC,"The Wanderers Stadium, Johannesburg",Johannesburg,South Africa,1,E Bosch,Eathan Bosch,3.0,0,12,3,4.0,13,2,0,0,0,False
2023,1343951,JSK v PC,JSK,PC,PC,"The Wanderers Stadium, Johannesburg",Johannesburg,South Africa,1,WD Parnell,Wayne Parnell,3.0,0,39,1,13.0,5,5,2,1,0,True
2023,1343951,JSK v PC,JSK,PC,PC,"The Wanderers Stadium, Johannesburg",Johannesburg,South Africa,1,A Nortje,Anrich Nortje,4.0,0,26,2,6.5,13,2,1,2,0,False
2023,1343951,JSK v PC,JSK,PC,PC,"The Wanderers Stadium, Johannesburg",Johannesburg,South Africa,1,AU Rashid,Adil Rashid,4.0,0,38,0,9.5,7,5,1,0,0,False
2023,1343951,JSK v PC,JSK,PC,PC,"The Wanderers Stadium, Johannesburg",Johannesburg,South Africa,1,M Pretorius,Migael Pretorius,3.0,0,22,0,7.33,8,1,1,0,0,False
2023,1343951,JSK v PC,JSK,PC,PC,"The Wanderers Stadium, Johannesburg",Johannesburg,South Africa,1,JDS Neesham,James Neesham,2.0,0,17,0,8.5,4,3,0,0,0,False
2023,1343951,JSK v PC,JSK,PC,PC,"The Wanderers Stadium, Johannesburg",Johannesburg,South Africa,1,WG Jacks,Will Jacks,1.0,0,11,0,11.0,1,0,1,0,0,False
2023,1343951,JSK v PC,JSK,PC,JSK,"The Wanderers Stadium, Johannesburg",Johannesburg,South Africa,2,AS Joseph,Alzarri Joseph,4.0,0,34,2,8.5,11,4,1,1,0,False
2023,1343951,JSK v PC,JSK,PC,JSK,"The Wanderers Stadium, Johannesburg",Johannesburg,South Africa,2,G Coetzee,Gerald Coetzee,4.0,0,31,1,7.75,11,3,1,4,0,False
2023,1343951,JSK v PC,JSK,PC,JSK,"The Wanderers Stadium, Johannesburg",Johannesburg,South Africa,2,M Theekshana,Maheesh Theekshana,4.0,0,37,0,9.25,7,4,1,1,0,False
2023,1343951,JSK v PC,JSK,PC,JSK,"The Wanderers Stadium, Johannesburg",Johannesburg,South Africa,2,AM Phangiso,Aaron Phangiso,4.0,0,32,4,8.0,9,0,3,0,0,False
2023,1343951,JSK v PC,JSK,PC,JSK,"The Wanderers Stadium, Johannesburg",Johannesburg,South Africa,2,R Shepherd,Romario Shepherd,4.0,0,28,2,7.0,10,4,0,0,0,False
2023,1343950,PR v DSG,PR,DSG,DSG,"Boland Park, Paarl",Paarl,South Africa,1,KR Mayers,Kyle Mayers,1.0,0,1,0,1.0,5,0,0,0,0,False
2023,1343950,PR v DSG,PR,DSG,DSG,"Boland Park, Paarl",Paarl,South Africa,1,RJW Topley,Reece Topley,4.0,0,43,1,10.75,9,2,3,5,0,False
2023,1343950,PR v DSG,PR,DSG,DSG,"Boland Park, Paarl",Paarl,South Africa,1,GC Viljoen,Hardus Viljoen,4.0,0,30,1,7.5,6,3,0,1,0,False
2023,1343950,PR v DSG,PR,DSG,DSG,"Boland Park, Paarl",Paarl,South Africa,1,D Pretorius,Dwaine Pretorius,4.0,0,35,2,8.75,9,2,2,1,0,False
2023,1343950,PR v DSG,PR,DSG,DSG,"Boland Park, Paarl",Paarl,South Africa,1,KA Maharaj,Keshav Maharaj,3.0,0,27,1,9.0,6,2,1,0,0,False
2023,1343950,PR v DSG,PR,DSG,DSG,"Boland Park, Paarl",Paarl,South Africa,1,P Subrayen,Prenelan Subrayen,4.0,0,24,1,6.0,8,1,0,0,0,False
2023,1343950,PR v DSG,PR,DSG,PR,"Boland Park, Paarl",Paarl,South Africa,2,BC Fortuin,Bjorn Fortuin,4.0,0,14,3,3.5,15,1,0,0,0,False
2023,1343950,PR v DSG,PR,DSG,PR,"Boland Park, Paarl",Paarl,South Africa,2,WJ Lubbe,Wihan Lubbe,1.0,0,13,0,13.0,1,1,1,0,0,False
2023,1343950,PR v DSG,PR,DSG,PR,"Boland Park, Paarl",Paarl,South Africa,2,L Ngidi,Lungi Ngidi,4.0,0,33,0,8.25,8,2,1,3,0,False
2023,1343950,PR v DSG,PR,DSG,PR,"Boland Park, Paarl",Paarl,South Africa,2,T Shamsi,Tabraiz Shamsi,4.0,0,40,1,10.0,5,3,2,0,0,False
2023,1343950,PR v DSG,PR,DSG,PR,"Boland Park, Paarl",Paarl,South Africa,2,FD Adams,Ferisco Adams,3.0,0,25,0,8.33,5,3,0,0,0,False
2023,1343950,PR v DSG,PR,DSG,PR,"Boland Park, Paarl",Paarl,South Africa,2,E Jones,Evan Jones,4.0,0,32,4,8.0,7,1,1,5,0,False
2023,1343949,SEC v MICT,MICT,SEC,SEC,"St George's Park, Gqeberha",Gqeberha,South Africa,1,M Jansen,Marco Jansen,4.0,0,25,1,6.25,12,2,1,1,0,False
2023,1343949,SEC v MICT,MICT,SEC,SEC,"St George's Park, Gqeberha",Gqeberha,South Africa,1,SSB Magala,Sisanda Magala,4.0,0,22,2,5.5,13,3,0,0,0,False
2023,1343949,SEC v MICT,MICT,SEC,SEC,"St George's Park, Gqeberha",Gqeberha,South Africa,1,OEG Baartman,Ottniel Baartman,4.0,0,45,3,11.25,9,4,3,1,0,False
2023,1343949,SEC v MICT,MICT,SEC,SEC,"St George's Park, Gqeberha",Gqeberha,South Africa,1,JK Fuller,James Fuller,3.0,0,34,0,11.33,10,2,3,1,0,False
2023,1343949,SEC v MICT,MICT,SEC,SEC,"St George's Park, Gqeberha",Gqeberha,South Africa,1,RE van der Merwe,Roelof van der Merwe,3.0,0,20,0,6.66,5,2,0,0,0,False
2023,1343949,SEC v MICT,MICT,SEC,SEC,"St George's Park, Gqeberha",Gqeberha,South Africa,1,AK Markram,Aiden Markram,2.0,0,8,2,4.0,4,0,0,0,0,True
2023,1343949,SEC v MICT,MICT,SEC,MICT,"St George's Park, Gqeberha",Gqeberha,South Africa,2,SM Curran,Sam Curran,4.0,0,37,2,9.25,10,7,0,1,0,False
2023,1343949,SEC v MICT,MICT,SEC,MICT,"St George's Park, Gqeberha",Gqeberha,South Africa,2,K Rabada,Kagiso Rabada,4.0,1,26,0,6.5,10,1,1,1,0,False
2023,1343949,SEC v MICT,MICT,SEC,MICT,"St George's Park, Gqeberha",Gqeberha,South Africa,2,OP Stone,Olly Stone,2.0,0,31,0,15.5,1,3,2,0,0,False
2023,1343949,SEC v MICT,MICT,SEC,MICT,"St George's Park, Gqeberha",Gqeberha,South Africa,2,Rashid Khan,Rashid Khan,4.0,0,23,1,5.75,11,1,0,1,0,True
2023,1343949,SEC v MICT,MICT,SEC,MICT,"St George's Park, Gqeberha",Gqeberha,South Africa,2,GF Linde,George Linde,3.0,0,21,0,7.0,5,2,0,0,0,False
2023,1343949,SEC v MICT,MICT,SEC,MICT,"St George's Park, Gqeberha",Gqeberha,South Africa,2,OF Smith,Odean Smith,2.3,0,23,3,9.2,5,2,1,0,0,False
2023,1343948,DSG v PR,DSG,PR,PR,"Kingsmead, Durban",Durban,South Africa,1,I Manack,Imran Manack,2.0,0,20,0,10.0,6,3,0,1,0,False
2023,1343948,DSG v PR,DSG,PR,PR,"Kingsmead, Durban",Durban,South Africa,1,L Ngidi,Lungi Ngidi,4.0,0,33,2,8.25,10,3,1,1,0,False
2023,1343948,DSG v PR,DSG,PR,PR,"Kingsmead, Durban",Durban,South Africa,1,WJ Lubbe,Wihan Lubbe,2.0,0,18,0,9.0,4,0,2,0,0,False
2023,1343948,DSG v PR,DSG,PR,PR,"Kingsmead, Durban",Durban,South Africa,1,FD Adams,Ferisco Adams,4.0,0,63,0,15.75,3,3,6,1,0,False
2023,1343948,DSG v PR,DSG,PR,PR,"Kingsmead, Durban",Durban,South Africa,1,E Jones,Evan Jones,4.0,0,33,2,8.25,9,3,1,3,0,False
2023,1343948,DSG v PR,DSG,PR,PR,"Kingsmead, Durban",Durban,South Africa,1,BC Fortuin,Bjorn Fortuin,4.0,0,46,0,11.5,5,4,3,0,0,False
2023,1343948,DSG v PR,DSG,PR,DSG,"Kingsmead, Durban",Durban,South Africa,2,KR Mayers,Kyle Mayers,1.0,0,3,0,3.0,3,0,0,0,0,False
2023,1343948,DSG v PR,DSG,PR,DSG,"Kingsmead, Durban",Durban,South Africa,2,KA Maharaj,Keshav Maharaj,1.0,0,12,0,12.0,3,1,1,0,0,False
2023,1343948,DSG v PR,DSG,PR,DSG,"Kingsmead, Durban",Durban,South Africa,2,RJW Topley,Reece Topley,4.0,0,34,3,8.5,8,6,0,0,0,False
2023,1343948,DSG v PR,DSG,PR,DSG,"Kingsmead, Durban",Durban,South Africa,2,JO Holder,Jason Holder,4.0,0,49,0,12.25,7,6,2,1,1,False
2023,1343948,DSG v PR,DSG,PR,DSG,"Kingsmead, Durban",Durban,South Africa,2,D Pretorius,Dwaine Pretorius,4.0,0,34,2,8.5,7,0,2,5,0,False
2023,1343948,DSG v PR,DSG,PR,DSG,"Kingsmead, Durban",Durban,South Africa,2,P Subrayen,Prenelan Subrayen,2.0,0,10,1,5.0,3,0,0,0,0,False
2023,1343948,DSG v PR,DSG,PR,DSG,"Kingsmead, Durban",Durban,South Africa,2,PWA Mulder,Wiaan Mulder,4.0,0,41,1,10.25,5,0,3,1,1,False
2023,1343947,MICT v JSK,JSK,MICT,MICT,"Newlands, Cape Town",Cape Town,South Africa,1,GF Linde,George Linde,4.0,0,25,2,6.25,14,3,0,1,0,False
2023,1343947,MICT v JSK,JSK,MICT,MICT,"Newlands, Cape Town",Cape Town,South Africa,1,SM Curran,Sam Curran,2.0,0,21,0,10.5,5,2,1,0,2,False
2023,1343947,MICT v JSK,JSK,MICT,MICT,"Newlands, Cape Town",Cape Town,South Africa,1,K Rabada,Kagiso Rabada,4.0,0,12,2,3.0,12,0,0,0,0,False
2023,1343947,MICT v JSK,JSK,MICT,MICT,"Newlands, Cape Town",Cape Town,South Africa,1,Waqar Salamkheil,Waqar Salamkheil,4.0,0,19,1,4.75,11,0,0,1,0,False
2023,1343947,MICT v JSK,JSK,MICT,MICT,"Newlands, Cape Town",Cape Town,South Africa,1,Rashid Khan,Rashid Khan,4.0,0,18,2,4.5,14,2,0,0,1,True
2023,1343947,MICT v JSK,JSK,MICT,MICT,"Newlands, Cape Town",Cape Town,South Africa,1,OF Smith,Odean Smith,2.0,0,10,2,5.0,6,0,0,3,0,False
2023,1343947,MICT v JSK,JSK,MICT,JSK,"Newlands, Cape Town",Cape Town,South Africa,2,GHS Garton,George Garton,2.0,0,13,0,6.5,4,1,0,1,0,False
2023,1343947,MICT v JSK,JSK,MICT,JSK,"Newlands, Cape Town",Cape Town,South Africa,2,AS Joseph,Alzarri Joseph,4.0,0,26,0,6.5,10,2,0,3,0,False
2023,1343947,MICT v JSK,JSK,MICT,JSK,"Newlands, Cape Town",Cape Town,South Africa,2,G Coetzee,Gerald Coetzee,4.0,0,24,2,6.0,13,2,1,0,0,False
2023,1343947,MICT v JSK,JSK,MICT,JSK,"Newlands, Cape Town",Cape Town,South Africa,2,AM Phangiso,Aaron Phangiso,4.0,0,23,0,5.75,12,0,2,0,0,False
2023,1343947,MICT v JSK,JSK,MICT,JSK,"Newlands, Cape Town",Cape Town,South Africa,2,RR Hendricks,Reeza Hendricks,1.0,0,2,0,2.0,4,0,0,0,0,False
2023,1343947,MICT v JSK,JSK,MICT,JSK,"Newlands, Cape Town",Cape Town,South Africa,2,R Shepherd,Romario Shepherd,1.2,0,14,1,10.5,3,1,1,1,0,False
2023,1343946,PC v SEC,PC,SEC,SEC,"SuperSport Park, Centurion",Centurion,South Africa,1,JT Smuts,JJ Smuts,2.0,0,32,0,16.0,4,3,3,0,0,False
2023,1343946,PC v SEC,PC,SEC,SEC,"SuperSport Park, Centurion",Centurion,South Africa,1,SSB Magala,Sisanda Magala,4.0,0,28,2,7.0,11,1,2,1,0,False
2023,1343946,PC v SEC,PC,SEC,SEC,"SuperSport Park, Centurion",Centurion,South Africa,1,M Jansen,Marco Jansen,4.0,0,31,1,7.75,10,2,2,0,0,False
2023,1343946,PC v SEC,PC,SEC,SEC,"SuperSport Park, Centurion",Centurion,South Africa,1,BA Carse,Brydon Carse,3.0,0,43,1,14.33,7,2,5,0,1,False
2023,1343946,PC v SEC,PC,SEC,SEC,"SuperSport Park, Centurion",Centurion,South Africa,1,JK Fuller,James Fuller,3.0,0,34,0,11.33,6,3,2,2,0,False
2023,1343946,PC v SEC,PC,SEC,SEC,"SuperSport Park, Centurion",Centurion,South Africa,1,OEG Baartman,Ottniel Baartman,4.0,0,42,2,10.5,8,4,2,2,0,False
2023,1343946,PC v SEC,PC,SEC,PC,"SuperSport Park, Centurion",Centurion,South Africa,2,E Bosch,Eathan Bosch,4.0,0,33,1,8.25,9,4,1,0,0,False
2023,1343946,PC v SEC,PC,SEC,PC,"SuperSport Park, Centurion",Centurion,South Africa,2,WD Parnell,Wayne Parnell,3.0,0,20,2,6.66,9,2,1,0,0,True
2023,1343946,PC v SEC,PC,SEC,PC,"SuperSport Park, Centurion",Centurion,South Africa,2,A Nortje,Anrich Nortje,4.0,0,37,1,9.25,8,4,1,0,1,False
2023,1343946,PC v SEC,PC,SEC,PC,"SuperSport Park, Centurion",Centurion,South Africa,2,M Pretorius,Migael Pretorius,3.0,0,28,0,9.33,5,3,1,1,0,False
2023,1343946,PC v SEC,PC,SEC,PC,"SuperSport Park, Centurion",Centurion,South Africa,2,AU Rashid,Adil Rashid,4.0,0,46,2,11.5,4,2,4,0,0,False
2023,1343946,PC v SEC,PC,SEC,PC,"SuperSport Park, Centurion",Centurion,South Africa,2,JDS Neesham,James Neesham,2.0,0,13,1,6.5,1,0,0,0,0,False
2023,1343945,MICT v DSG,MICT,DSG,DSG,"Newlands, Cape Town",Cape Town,South Africa,1,KR Mayers,Kyle Mayers,2.0,0,10,1,5.0,7,1,0,1,0,False
2023,1343945,MICT v DSG,MICT,DSG,DSG,"Newlands, Cape Town",Cape Town,South Africa,1,RJW Topley,Reece Topley,3.0,0,27,2,9.0,10,1,2,1,0,False
2023,1343945,MICT v DSG,MICT,DSG,DSG,"Newlands, Cape Town",Cape Town,South Africa,1,GC Viljoen,Hardus Viljoen,3.0,0,30,2,10.0,9,3,2,1,0,False
2023,1343945,MICT v DSG,MICT,DSG,DSG,"Newlands, Cape Town",Cape Town,South Africa,1,JO Holder,Jason Holder,4.0,0,27,1,6.75,9,2,1,0,0,False
2023,1343945,MICT v DSG,MICT,DSG,DSG,"Newlands, Cape Town",Cape Town,South Africa,1,P Subrayen,Prenelan Subrayen,4.0,0,29,2,7.25,11,0,3,0,0,False
2023,1343945,MICT v DSG,MICT,DSG,DSG,"Newlands, Cape Town",Cape Town,South Africa,1,KA Maharaj,Keshav Maharaj,4.0,0,27,0,6.75,12,0,2,1,0,False
2023,1343945,MICT v DSG,MICT,DSG,MICT,"Newlands, Cape Town",Cape Town,South Africa,2,SM Curran,Sam Curran,2.0,0,14,0,7.0,5,2,0,0,0,False
2023,1343945,MICT v DSG,MICT,DSG,MICT,"Newlands, Cape Town",Cape Town,South Africa,2,JC Archer,Jofra Archer,3.0,0,31,0,10.33,7,3,2,0,0,False
2023,1343945,MICT v DSG,MICT,DSG,MICT,"Newlands, Cape Town",Cape Town,South Africa,2,OP Stone,Olly Stone,3.3,0,28,4,8.0,11,2,2,1,0,False
2023,1343945,MICT v DSG,MICT,DSG,MICT,"Newlands, Cape Town",Cape Town,South Africa,2,Rashid Khan,Rashid Khan,3.0,0,33,0,11.0,6,3,2,2,0,True
2023,1343945,MICT v DSG,MICT,DSG,MICT,"Newlands, Cape Town",Cape Town,South Africa,2,GF Linde,George Linde,3.0,0,20,1,6.66,7,1,1,0,0,False
2023,1343945,MICT v DSG,MICT,DSG,MICT,"Newlands, Cape Town",Cape Town,South Africa,2,D Jansen,Duan Jansen,2.0,0,19,0,9.5,4,3,0,0,0,False
2023,1343944,PR v JSK,JSK,PR,PR,"Boland Park, Paarl",Paarl,South Africa,1,BC Fortuin,Bjorn Fortuin,4.0,0,16,3,4.0,11,1,0,0,0,False
2023,1343944,PR v JSK,JSK,PR,PR,"Boland Park, Paarl",Paarl,South Africa,1,L Ngidi,Lungi Ngidi,4.0,0,13,1,3.25,18,2,0,0,0,False
2023,1343944,PR v JSK,JSK,PR,PR,"Boland Park, Paarl",Paarl,South Africa,1,E Jones,Evan Jones,2.2,0,21,3,9.0,5,1,1,2,0,False
2023,1343944,PR v JSK,JSK,PR,PR,"Boland Park, Paarl",Paarl,South Africa,1,T Shamsi,Tabraiz Shamsi,1.0,0,4,1,4.0,3,0,0,0,0,False
2023,1343944,PR v JSK,JSK,PR,PR,"Boland Park, Paarl",Paarl,South Africa,1,FD Adams,Ferisco Adams,3.0,0,14,2,4.66,12,2,0,1,0,False
2023,1343944,PR v JSK,JSK,PR,PR,"Boland Park, Paarl",Paarl,South Africa,1,WJ Lubbe,Wihan Lubbe,3.0,0,12,0,4.0,8,0,0,0,0,False
2023,1343944,PR v JSK,JSK,PR,JSK,"Boland Park, Paarl",Paarl,South Africa,2,GHS Garton,George Garton,2.0,0,15,1,7.5,7,3,0,0,0,False
2023,1343944,PR v JSK,JSK,PR,JSK,"Boland Park, Paarl",Paarl,South Africa,2,AS Joseph,Alzarri Joseph,3.0,0,14,0,4.66,10,1,0,0,0,False
2023,1343944,PR v JSK,JSK,PR,JSK,"Boland Park, Paarl",Paarl,South Africa,2,LB Williams,Lizaad Williams,2.0,0,23,0,11.5,3,4,0,0,1,False
2023,1343944,PR v JSK,JSK,PR,JSK,"Boland Park, Paarl",Paarl,South Africa,2,R Shepherd,Romario Shepherd,1.0,0,10,1,10.0,2,2,0,0,0,False
2023,1343944,PR v JSK,JSK,PR,JSK,"Boland Park, Paarl",Paarl,South Africa,2,AM Phangiso,Aaron Phangiso,2.0,0,15,1,7.5,5,0,1,0,0,False
2023,1343944,PR v JSK,JSK,PR,JSK,"Boland Park, Paarl",Paarl,South Africa,2,L Gregory,Lewis Gregory,0.3,0,5,0,10.0,1,1,0,0,0,False
2023,1343943,SEC v PC,PC,SEC,SEC,"St George's Park, Gqeberha",Gqeberha,South Africa,1,M Jansen,Marco Jansen,3.0,0,31,1,10.33,6,4,0,1,0,False
2023,1343943,SEC v PC,PC,SEC,SEC,"St George's Park, Gqeberha",Gqeberha,South Africa,1,SSB Magala,Sisanda Magala,4.0,0,35,1,8.75,9,4,1,0,0,False
2023,1343943,SEC v PC,PC,SEC,SEC,"St George's Park, Gqeberha",Gqeberha,South Africa,1,OEG Baartman,Ottniel Baartman,3.0,0,45,2,15.0,5,4,3,1,0,False
2023,1343943,SEC v PC,PC,SEC,SEC,"St George's Park, Gqeberha",Gqeberha,South Africa,1,JK Fuller,James Fuller,3.0,0,25,0,8.33,6,2,1,0,0,False
2023,1343943,SEC v PC,PC,SEC,SEC,"St George's Park, Gqeberha",Gqeberha,South Africa,1,MS Crane,Mason Crane,3.0,0,25,0,8.33,4,3,0,0,0,False
2023,1343943,SEC v PC,PC,SEC,SEC,"St George's Park, Gqeberha",Gqeberha,South Africa,1,AK Markram,Aiden Markram,2.0,0,17,2,8.5,6,2,0,1,0,True
2023,1343943,SEC v PC,PC,SEC,SEC,"St George's Park, Gqeberha",Gqeberha,South Africa,1,JT Smuts,JJ Smuts,2.0,0,12,0,6.0,4,1,0,0,0,False
2023,1343943,SEC v PC,PC,SEC,PC,"St George's Park, Gqeberha",Gqeberha,South Africa,2,E Bosch,Eathan Bosch,4.0,0,27,0,6.75,14,2,2,0,0,False
2023,1343943,SEC v PC,PC,SEC,PC,"St George's Park, Gqeberha",Gqeberha,South Africa,2,WD Parnell,Wayne Parnell,4.0,1,38,1,9.5,10,3,2,0,0,True
2023,1343943,SEC v PC,PC,SEC,PC,"St George's Park, Gqeberha",Gqeberha,South Africa,2,A Nortje,Anrich Nortje,4.0,1,18,2,4.5,15,3,0,0,0,False
2023,1343943,SEC v PC,PC,SEC,PC,"St George's Park, Gqeberha",Gqeberha,South Africa,2,JDS Neesham,James Neesham,4.0,0,38,1,9.5,6,4,1,1,0,False
2023,1343943,SEC v PC,PC,SEC,PC,"St George's Park, Gqeberha",Gqeberha,South Africa,2,AU Rashid,Adil Rashid,4.0,0,47,1,11.75,6,4,3,0,0,False
2023,1343942,DSG v JSK,JSK,DSG,DSG,"Kingsmead, Durban",Durban,South Africa,1,KR Mayers,Kyle Mayers,1.0,0,3,0,3.0,3,0,0,0,0,False
2023,1343942,DSG v JSK,JSK,DSG,DSG,"Kingsmead, Durban",Durban,South Africa,1,KA Maharaj,Keshav Maharaj,4.0,0,23,1,5.75,8,2,0,0,0,False
2023,1343942,DSG v JSK,JSK,DSG,DSG,"Kingsmead, Durban",Durban,South Africa,1,D Pretorius,Dwaine Pretorius,4.0,0,47,1,11.75,9,6,2,3,0,False
2023,1343942,DSG v JSK,JSK,DSG,DSG,"Kingsmead, Durban",Durban,South Africa,1,A Dananjaya,Akila Dananjaya,4.0,0,39,1,9.75,6,3,2,0,0,False
2023,1343942,DSG v JSK,JSK,DSG,DSG,"Kingsmead, Durban",Durban,South Africa,1,P Subrayen,Prenelan Subrayen,3.0,0,26,2,8.66,6,2,1,0,0,False
2023,1343942,DSG v JSK,JSK,DSG,DSG,"Kingsmead, Durban",Durban,South Africa,1,KMA Paul,Keemo Paul,2.0,0,28,0,14.0,4,2,2,2,0,False
2023,1343942,DSG v JSK,JSK,DSG,DSG,"Kingsmead, Durban",Durban,South Africa,1,JO Holder,Jason Holder,2.0,0,23,1,11.5,3,1,2,1,0,False
2023,1343942,DSG v JSK,JSK,DSG,JSK,"Kingsmead, Durban",Durban,South Africa,2,GHS Garton,George Garton,1.0,0,12,0,12.0,2,1,1,0,0,False
2023,1343942,DSG v JSK,JSK,DSG,JSK,"Kingsmead, Durban",Durban,South Africa,2,AS Joseph,Alzarri Joseph,4.0,0,30,2,7.5,10,1,2,0,1,False
2023,1343942,DSG v JSK,JSK,DSG,JSK,"Kingsmead, Durban",Durban,South Africa,2,RR Hendricks,Reeza Hendricks,4.0,0,14,0,3.5,10,0,0,0,0,False
2023,1343942,DSG v JSK,JSK,DSG,JSK,"Kingsmead, Durban",Durban,South Africa,2,R Shepherd,Romario Shepherd,1.0,0,9,0,9.0,3,2,0,0,0,False
2023,1343942,DSG v JSK,JSK,DSG,JSK,"Kingsmead, Durban",Durban,South Africa,2,MP Siboto,Malusi Siboto,2.0,0,39,1,19.5,2,0,5,3,1,False
2023,1343942,DSG v JSK,JSK,DSG,JSK,"Kingsmead, Durban",Durban,South Africa,2,D Ferreira,Donovan Ferreira,4.0,0,28,1,7.0,5,3,0,0,0,False
2023,1343942,DSG v JSK,JSK,DSG,JSK,"Kingsmead, Durban",Durban,South Africa,2,AM Phangiso,Aaron Phangiso,4.0,0,37,1,9.25,6,1,3,0,0,False
2023,1343941,MICT v PR,PR,MICT,MICT,"Newlands, Cape Town",Cape Town,South Africa,1,GF Linde,George Linde,2.0,0,17,0,8.5,5,3,0,1,0,False
2023,1343941,MICT v PR,PR,MICT,MICT,"Newlands, Cape Town",Cape Town,South Africa,1,SM Curran,Sam Curran,3.0,0,23,0,7.66,6,0,2,0,0,False
2023,1343941,MICT v PR,PR,MICT,MICT,"Newlands, Cape Town",Cape Town,South Africa,1,JC Archer,Jofra Archer,4.0,1,27,3,6.75,12,2,1,0,1,False
2023,1343941,MICT v PR,PR,MICT,MICT,"Newlands, Cape Town",Cape Town,South Africa,1,Rashid Khan,Rashid Khan,4.0,0,28,0,7.0,7,3,0,0,0,True
2023,1343941,MICT v PR,PR,MICT,MICT,"Newlands, Cape Town",Cape Town,South Africa,1,D Jansen,Duan Jansen,3.0,0,16,1,5.33,8,1,0,2,0,False
2023,1343941,MICT v PR,PR,MICT,MICT,"Newlands, Cape Town",Cape Town,South Africa,1,OP Stone,Olly Stone,4.0,0,31,2,7.75,12,5,0,3,0,False
2023,1343941,MICT v PR,PR,MICT,PR,"Newlands, Cape Town",Cape Town,South Africa,2,Codi Yusuf,Codi Yusuf,3.0,0,33,1,11.0,7,4,2,0,0,False
2023,1343941,MICT v PR,PR,MICT,PR,"Newlands, Cape Town",Cape Town,South Africa,2,BC Fortuin,Bjorn Fortuin,3.3,0,23,0,6.57,6,1,1,0,0,False
2023,1343941,MICT v PR,PR,MICT,PR,"Newlands, Cape Town",Cape Town,South Africa,2,RR Simmonds,Ramon Simmonds,3.0,0,32,1,10.66,8,4,2,0,0,False
2023,1343941,MICT v PR,PR,MICT,PR,"Newlands, Cape Town",Cape Town,South Africa,2,FD Adams,Ferisco Adams,3.0,0,22,0,7.33,7,0,2,0,0,False
2023,1343941,MICT v PR,PR,MICT,PR,"Newlands, Cape Town",Cape Town,South Africa,2,T Shamsi,Tabraiz Shamsi,3.0,0,31,0,10.33,2,1,2,1,0,False
