season,id,name,short_name,description,home_team,away_team,toss_won,decision,1st_inning_score,2nd_inning_score,home_score,away_score,winner,result,start_date,end_date,venue_id,venue_name,home_captain,away_captain,pom,points,super_over,home_overs,home_runs,home_wickets,home_boundaries,away_overs,away_runs,away_wickets,away_boundaries,highlights,home_key_batsman,home_key_bowler,home_playx1,away_playx1,away_key_batsman,away_key_bowler,match_days,umpire1,umpire2,tv_umpire,referee,reserve_umpire
2023.0,1343970,Pretoria Capitals v Paarl Royals,PC v PR,"30th Match (D/N), SA20 at Centurion, Feb 7 2023",PC,PR,Paarl Royals,BOWL FIRST,,,226/5,"167/9 (20 ov, target 227)",PC,Capitals won by 59 runs,2023-02-07T15:30Z,2023-02-08T23:59Z,59079,"SuperSport Park, Centurion",Theunis de Bruyn,David Miller,None,"Pretoria Capitals 5, Paarl Royals 0",False,,,,,,,,,,,,,,,,,,,,,
,1343971,Pretoria Capitals v Paarl Royals,PC v PR,"1st Semi-Final (D/N), SA20 at Johannesburg, Feb 8 2023",PC,PR,,,,,,,PR,Starts at 17:30 local time,2023-02-08T15:30Z,2023-02-09T23:59Z,59120,"The Wanderers Stadium, Johannesburg",,,,,,,,,,,,,,,,,,,,,,,,,,
,1343972,Joburg Super Kings v Sunrisers Eastern Cape,JSK v SEC,"2nd Semi-Final (D/N), SA20 at Centurion, Feb 9 2023",JSK,SEC,,,,,,,SEC,Starts at 17:30 local time,2023-02-09T15:30Z,2023-02-10T23:59Z,59079,"SuperSport Park, Centurion",,,,,,,,,,,,,,,,,,,,,,,,,,
,1343973,TBC v TBC,TBC v TBC,"Final (D/N), SA20 at Johannesburg, Feb 11 2023",TBA,TBA,,,,,,,TBA,Starts at 16:30 local time,2023-02-11T14:30Z,2023-02-12T23:59Z,59120,"The Wanderers Stadium, Johannesburg",,,,,,,,,,,,,,,,,,,,,,,,,,
2023.0,1343969,Joburg Super Kings v MI Cape Town,JSK v MICT,"29th Match (D/N), SA20 at Johannesburg, Feb 6 2023",JSK,MICT,MI Cape Town,BOWL FIRST,189/6,113,189/6,113,JSK,Super Kings won by 76 runs,2023-02-06T15:30Z,2023-02-07T23:59Z,59120,"The Wanderers Stadium, Johannesburg",Faf du Plessis,Rashid Khan,Leus du Plooy,"Joburg Super Kings 5, MI Cape Town 0",False,20.0,189.0,6.0,27.0,17.5,113.0,10.0,9.0,,"Leus du Plooy,Matthew Wade","Gerald Coetzee,Kyle Simmonds","Faf du Plessis (UKN),Reeza Hendricks (UKN),Leus du Plooy (UKN),Sibonelo Makhanya (UKN),Matthew Wade (WK),Donovan Ferreira (AR),Kyle Simmonds (AR),Romario Shepherd (AR),Gerald Coetzee (BL),Lizaad Williams (BL),Maheesh Theekshana (BL)","Rassie van der Dussen (UKN),Wesley Marshall (UKN),Grant Roelofsen (WK),Dewald Brevis (AR),George Linde (AR),Tim David (UKN),Delano Potgieter (UKN),Sam Curran (AR),Rashid Khan (AR),Jofra Archer (BL),Kagiso Rabada (BL)","Dewald Brevis,Grant Roelofsen","Sam Curran,Jofra Archer",6 February 2023 - day/night match (20-over match),Marais Erasmus,Adrian Holdstock,Allahudien Paleker,Zed Ndamane,Siphelele Gasa
2023.0,1343968,Pretoria Capitals v Durban's Super Giants,PC v DSG,"28th Match (D/N), SA20 at Centurion, Feb 5 2023",PC,DSG,Pretoria Capitals,BOWL FIRST,254/4,103,103,254/4,DSG,Super Giants won by 151 runs,2023-02-05T15:30Z,2023-02-06T23:59Z,59079,"SuperSport Park, Centurion",Theunis de Bruyn,Quinton de Kock,Heinrich Klaasen,"Durban's Super Giants 5, Pretoria Capitals 0",False,13.5,103.0,10.0,14.0,20.0,254.0,4.0,41.0,,"Eathan Bosch,Rilee Rossouw","Migael Pretorius,Josh Little","Phil Salt (UKN),Kusal Mendis (WK),Theunis de Bruyn (UKN),Rilee Rossouw (UKN),Colin Ingram (UKN),James Neesham (AR),Senuran Muthusamy (AR),Migael Pretorius (BL),Eathan Bosch (BL),Daryn Dupavillon (BL),Josh Little (BL)","Quinton de Kock (UKN),Ben McDermott (UKN),Heinrich Klaasen (WK),David Willey (AR),Wiaan Mulder (AR),Matthew Breetzke (UKN),Keemo Paul (AR),Dwaine Pretorius (AR),Keshav Maharaj (BL),Junior Dala (BL),Reece Topley (BL)","Heinrich Klaasen,Matthew Breetzke","Junior Dala,Wiaan Mulder",5 February 2023 - day/night match (20-over match),Adrian Holdstock,Allahudien Paleker,Marais Erasmus,Shaid Wadvalla,Arno Jacobs
2023.0,1343967,Joburg Super Kings v Sunrisers Eastern Cape,JSK v SEC,"27th Match, SA20 at Johannesburg, Feb 5 2023",JSK,SEC,Joburg Super Kings,BAT FIRST,160/6,136/9,160/6,136/9,JSK,Super Kings won by 24 runs,2023-02-05T11:30Z,2023-02-06T23:59Z,59120,"The Wanderers Stadium, Johannesburg",Faf du Plessis,Aiden Markram,Faf du Plessis,"Joburg Super Kings 4, Sunrisers Eastern Cape 0",False,20.0,160.0,6.0,18.0,20.0,136.0,9.0,12.0,,"Faf du Plessis,Reeza Hendricks","Kyle Simmonds,Gerald Coetzee","Faf du Plessis (UKN),Reeza Hendricks (UKN),Matthew Wade (WK),Donovan Ferreira (AR),Leus du Plooy (UKN),Romario Shepherd (AR),Sibonelo Makhanya (UKN),Gerald Coetzee (BL),Kyle Simmonds (AR),Nandre Burger (AR),Maheesh Theekshana (BL)","Adam Rossington (WK),Temba Bavuma (UKN),Jordan Hermann (UKN),JJ Smuts (AR),Aiden Markram (UKN),Tristan Stubbs (UKN),Marco Jansen (AR),James Fuller (AR),Brydon Carse (BL),Roelof van der Merwe (AR),Sisanda Magala (BL)","Temba Bavuma,Aiden Markram","Sisanda Magala,Aiden Markram",5 February 2023 (20-over match),Lubabalo Gcuma,Bongani Jele,Stephen Harris,Gerrie Pienaar,Brad White
2023.0,1343966,Pretoria Capitals v MI Cape Town,PC v MICT,"26th Match (D/N), SA20 at Centurion, Feb 4 2023",PC,MICT,Pretoria Capitals,BOWL FIRST,159,160/9,160/9,159,PC,Capitals won by 1 wkt (0b rem),2023-02-04T15:30Z,2023-02-05T23:59Z,59079,"SuperSport Park, Centurion",Wayne Parnell,Rashid Khan,Rilee Rossouw,"Pretoria Capitals 4, MI Cape Town 0",False,20.0,160.0,9.0,22.0,19.4,159.0,10.0,20.0,,"Rilee Rossouw,Kusal Mendis","James Neesham,Eathan Bosch","Phil Salt (WK),Kusal Mendis (UKN),Theunis de Bruyn (UKN),Rilee Rossouw (UKN),Shane Dadswell (UKN),James Neesham (AR),Senuran Muthusamy (AR),Eathan Bosch (BL),Anrich Nortje (BL),Wayne Parnell (BL),Josh Little (BL)","Rassie van der Dussen (UKN),Wesley Marshall (UKN),Grant Roelofsen (WK),Dewald Brevis (AR),George Linde (AR),Tim David (UKN),Duan Jansen (BL),Sam Curran (AR),Odean Smith (AR),Rashid Khan (AR),Kagiso Rabada (BL)","Rassie van der Dussen,Wesley Marshall","Sam Curran,Odean Smith",4 February 2023 - day/night match (20-over match),Marais Erasmus,Allahudien Paleker,Adrian Holdstock,Barry Lambson,Arno Jacobs
,1343965,Durban's Super Giants v Sunrisers Eastern Cape,DSG v SEC,"25th Match (D/N), SA20 at Durban, Feb 3 2023",SEC,DSG,,,,,53/3 (5.2/20 ov),,DSG,No result,2023-02-03T15:30Z,2023-02-04T23:59Z,59089,"Kingsmead, Durban",,,,,,,,,,,,,,,,,,,,,,,,,,
,1343964,Joburg Super Kings v Paarl Royals,JSK v PR,"24th Match, SA20 at Johannesburg, Feb 3 2023",PR,JSK,,,,,131/4 (15/20 ov),,JSK,No result,2023-02-03T11:30Z,2023-02-04T23:59Z,59120,"The Wanderers Stadium, Johannesburg",,,,,,,,,,,,,,,,,,,,,,,,,,
2023.0,1343963,Durban's Super Giants v MI Cape Town,DSG v MICT,"23rd Match (D/N), SA20 at Durban, Feb 2 2023",DSG,MICT,Durban Super Giants,BOWL FIRST,165/5,169/5,169/5,165/5,DSG,Super Giants won by 5 wkts (1b rem),2023-02-02T15:30Z,2023-02-03T23:59Z,59089,"Kingsmead, Durban",Quinton de Kock,Rashid Khan,Quinton de Kock,"Durban's Super Giants 4, MI Cape Town 0",False,19.5,169.0,5.0,23.0,20.0,165.0,5.0,20.0,,"Quinton de Kock,Matthew Breetzke","Dwaine Pretorius,Keshav Maharaj","Quinton de Kock (UKN),Ben McDermott (UKN),Matthew Breetzke (UKN),Keemo Paul (AR),Heinrich Klaasen (WK),Wiaan Mulder (AR),David Willey (AR),Dwaine Pretorius (AR),Simon Harmer (BL),Keshav Maharaj (BL),Reece Topley (BL)","Dewald Brevis (AR),Grant Roelofsen (WK),Rassie van der Dussen (UKN),George Linde (AR),Tim David (UKN),Odean Smith (AR),Delano Potgieter (UKN),Duan Jansen (BL),Rashid Khan (AR),Beuran Hendricks (BL),Kagiso Rabada (BL)","Rassie van der Dussen,Tim David","Kagiso Rabada,Tim David",2 February 2023 - day/night match (20-over match),Shaun George,Arno Jacobs,Stephen Harris,Zed Ndamane,Dennis Smith
2023.0,1343962,Joburg Super Kings v Durban's Super Giants,JSK v DSG,"22nd Match (D/N), SA20 at Johannesburg, Jan 24 2023",JSK,DSG,Joburg Super Kings,BOWL FIRST,178/6,182/2,182/2,178/6,JSK,Super Kings won by 8 wkts (5b rem),2023-01-24T15:30Z,2023-01-25T23:59Z,59120,"The Wanderers Stadium, Johannesburg",Faf du Plessis,Quinton de Kock,Faf du Plessis,"Joburg Super Kings 4, Durban's Super Giants 0",False,19.1,182.0,2.0,24.0,20.0,178.0,6.0,21.0,Faf du Plessis' sparkling century ignites Joburg Super Kings' run-chase. First hundred at SA20 cements Durban at foot of table as JSK begin play-off push,"Faf du Plessis,Reeza Hendricks","Gerald Coetzee,Maheesh Theekshana","Reeza Hendricks (UKN),Faf du Plessis (UKN),Donovan Ferreira (WK),Leus du Plooy (UKN),Neil Brand (AR),Sibonelo Makhanya (UKN),Romario Shepherd (AR),Nandre Burger (AR),Gerald Coetzee (BL),Alzarri Joseph (BL),Maheesh Theekshana (BL)","Kyle Mayers (AR),Quinton de Kock (WK),Matthew Breetzke (UKN),Wiaan Mulder (AR),Heinrich Klaasen (UKN),Keemo Paul (AR),Jason Holder (AR),Simon Harmer (BL),Hardus Viljoen (BL),Keshav Maharaj (BL),Reece Topley (BL)","Heinrich Klaasen,Jason Holder","Reece Topley,Wiaan Mulder",24 January 2023 - day/night match (20-over match),Shaun George,Abdoellah Steenkamp,Dennis Smith,Barry Lambson,Stephen Harris
2023.0,1343961,Sunrisers Eastern Cape v Paarl Royals,SEC v PR,"21st Match, SA20 at Gqeberha, Jan 24 2023",SEC,PR,Sunrisers Eastern Cape,BAT FIRST,130/7,131/5,130/7,131/5,PR,Royals won by 5 wkts (7b rem),2023-01-24T11:30Z,2023-01-25T23:59Z,59159,"St George's Park, Gqeberha",Aiden Markram,David Miller,David Miller,"Paarl Royals 4, Sunrisers Eastern Cape 0",False,20.0,130.0,7.0,14.0,18.5,131.0,5.0,12.0,,"JJ Smuts,Tristan Stubbs","Roelof van der Merwe,JJ Smuts","Adam Rossington (WK),Jordan Hermann (UKN),JJ Smuts (AR),Aiden Markram (UKN),Tristan Stubbs (UKN),Marco Jansen (AR),James Fuller (AR),Brydon Carse (BL),Sarel Erwee (UKN),Roelof van der Merwe (AR),Sisanda Magala (BL)","Jason Roy (UKN),Jos Buttler (WK),Wihan Lubbe (UKN),Mitchell Van Buuren (UKN),Andile Phehlukwayo (AR),David Miller (UKN),Dane Vilas (UKN),Evan Jones (AR),Bjorn Fortuin (BL),Lungi Ngidi (BL),Tabraiz Shamsi (BL)","Jos Buttler,David Miller","Andile Phehlukwayo,Evan Jones",24 January 2023 (20-over match),Siphelele Gasa,Brad White,Arno Jacobs,Laurence Matroos,Lubabalo Gcuma
2023.0,1343960,MI Cape Town v Pretoria Capitals,MICT v PC,"20th Match (D/N), SA20 at Cape Town, Jan 23 2023",MICT,PC,MI Cape Town,BOWL FIRST,182/8,130,130,182/8,PC,Capitals won by 52 runs,2023-01-23T15:30Z,2023-01-24T23:59Z,59068,"Newlands, Cape Town",Rashid Khan,Wayne Parnell,Will Jacks,"Pretoria Capitals 5, MI Cape Town 0",False,18.1,130.0,10.0,15.0,20.0,182.0,8.0,23.0,,"Dewald Brevis,Rassie van der Dussen","Rashid Khan,Jofra Archer","Dewald Brevis (AR),Ryan Rickelton (UKN),Sam Curran (AR),Rassie van der Dussen (UKN),George Linde (AR),Grant Roelofsen (WK),Odean Smith (AR),Rashid Khan (AR),Delano Potgieter (UKN),Jofra Archer (BL),Kagiso Rabada (BL)","Kusal Mendis (WK),Will Jacks (UKN),Rilee Rossouw (UKN),Theunis de Bruyn (UKN),Senuran Muthusamy (AR),Clyde Fortuin (UKN),James Neesham (AR),Wayne Parnell (BL),Eathan Bosch (BL),Adil Rashid (BL),Anrich Nortje (BL)","Will Jacks,Theunis de Bruyn","Wayne Parnell,Anrich Nortje",23 January 2023 - day/night match (20-over match),Lubabalo Gcuma,Allahudien Paleker,Bongani Jele,Zed Ndamane,Stephen Harris
2023.0,1343959,Sunrisers Eastern Cape v Durban's Super Giants,SEC v DSG,"19th Match (D/N), SA20 at Gqeberha, Jan 22 2023",SEC,DSG,Durban Super Giants,BOWL FIRST,210/2,86,210/2,86,SEC,Eastern Cape won by 124 runs,2023-01-22T15:30Z,2023-01-23T23:59Z,59159,"St George's Park, Gqeberha",Aiden Markram,Quinton de Kock,Roelof van der Merwe,"Sunrisers Eastern Cape 5, Durban's Super Giants 0",False,20.0,210.0,2.0,31.0,14.4,86.0,10.0,9.0,,"Adam Rossington,Jordan Hermann","Roelof van der Merwe,Marco Jansen","Adam Rossington (WK),Jordan Hermann (UKN),Aiden Markram (UKN),Tristan Stubbs (UKN),Sarel Erwee (UKN),JJ Smuts (AR),Marco Jansen (AR),James Fuller (AR),Roelof van der Merwe (AR),Mason Crane (BL),Sisanda Magala (BL)","Kyle Mayers (AR),Matthew Breetzke (UKN),Wiaan Mulder (AR),Heinrich Klaasen (UKN),Quinton de Kock (WK),Jason Holder (AR),Dwaine Pretorius (AR),Keemo Paul (AR),Keshav Maharaj (BL),Prenelan Subrayen (AR),Akila Dananjaya (AR)","Wiaan Mulder,Keshav Maharaj","Dwaine Pretorius,Jason Holder",22 January 2023 - day/night match (20-over match),Siphelele Gasa,Dennis Smith,Arno Jacobs,Laurence Matroos,Brad White
2023.0,1343958,Paarl Royals v Pretoria Capitals,PR v PC,"18th Match, SA20 at Paarl, Jan 22 2023",PR,PC,Pretoria Capitals,BAT FIRST,158/6,162/4,162/4,158/6,PR,Royals won by 6 wkts (2b rem),2023-01-22T11:30Z,2023-01-23T23:59Z,59147,"Boland Park, Paarl",David Miller,Wayne Parnell,David Miller,"Paarl Royals 4, Pretoria Capitals 0",False,19.4,162.0,4.0,19.0,20.0,158.0,6.0,17.0,,"Jos Buttler,Wihan Lubbe","Ferisco Adams,Lungi Ngidi","Jason Roy (UKN),Wihan Lubbe (UKN),Jos Buttler (WK),Dane Vilas (UKN),David Miller (UKN),Mitchell Van Buuren (UKN),Evan Jones (AR),Ferisco Adams (AR),Bjorn Fortuin (BL),Lungi Ngidi (BL),Tabraiz Shamsi (BL)","Kusal Mendis (WK),Will Jacks (UKN),Theunis de Bruyn (UKN),Rilee Rossouw (UKN),Shane Dadswell (UKN),James Neesham (AR),Eathan Bosch (BL),Wayne Parnell (BL),Senuran Muthusamy (AR),Adil Rashid (BL),Anrich Nortje (BL)","Theunis de Bruyn,Kusal Mendis","Will Jacks,Adil Rashid",22 January 2023 (20-over match),Stephen Harris,Bongani Jele,Lubabalo Gcuma,Barry Lambson,Shaun George
2023.0,1343957,Sunrisers Eastern Cape v Joburg Super Kings,SEC v JSK,"17th Match (D/N), SA20 at Gqeberha, Jan 21 2023",SEC,JSK,Joburg Super Kings,BOWL FIRST,127,128/5,127,128/5,JSK,Super Kings won by 5 wkts (2b rem),2023-01-21T15:30Z,2023-01-22T23:59Z,59159,"St George's Park, Gqeberha",Aiden Markram,Faf du Plessis,Aaron Phangiso,"Joburg Super Kings 4, Sunrisers Eastern Cape 0",False,18.4,127.0,10.0,13.0,19.4,128.0,5.0,13.0,,"Adam Rossington,James Fuller","Roelof van der Merwe,JJ Smuts","Adam Rossington (WK),Jordan Hermann (UKN),Sarel Erwee (UKN),Aiden Markram (UKN),Tristan Stubbs (UKN),JJ Smuts (AR),Marco Jansen (AR),James Fuller (AR),Brydon Carse (BL),Roelof van der Merwe (AR),Sisanda Magala (BL)","Reeza Hendricks (UKN),Faf du Plessis (UKN),Neil Brand (AR),Leus du Plooy (UKN),Sibonelo Makhanya (UKN),Donovan Ferreira (WK),Romario Shepherd (AR),Gerald Coetzee (BL),Alzarri Joseph (BL),Maheesh Theekshana (BL),Aaron Phangiso (BL)","Leus du Plooy,Faf du Plessis","Aaron Phangiso,Gerald Coetzee",21 January 2023 - day/night match (20-over match),Arno Jacobs,Abdoellah Steenkamp,Brad White,Laurence Matroos,Siphelele Gasa
2023.0,1343956,Paarl Royals v MI Cape Town,PR v MICT,"16th Match, SA20 at Paarl, Jan 21 2023",PR,MICT,Paarl Royals,BOWL FIRST,142/9,129/6,129/6,142/9,MICT,MI Cape Town won by 13 runs,2023-01-21T11:30Z,2023-01-22T23:59Z,59147,"Boland Park, Paarl",David Miller,Rashid Khan,Jos Buttler,"MI Cape Town 4, Paarl Royals 0",False,20.0,129.0,6.0,12.0,20.0,142.0,9.0,15.0,,"Jos Buttler,David Miller","Bjorn Fortuin,Tabraiz Shamsi","Jason Roy (UKN),Jos Buttler (WK),Wihan Lubbe (UKN),Dane Vilas (UKN),Mitchell Van Buuren (UKN),David Miller (UKN),Evan Jones (AR),Ferisco Adams (AR),Lungi Ngidi (BL),Bjorn Fortuin (BL),Tabraiz Shamsi (BL)","Ryan Rickelton (UKN),Dewald Brevis (AR),Sam Curran (AR),Grant Roelofsen (WK),Rassie van der Dussen (UKN),George Linde (AR),Delano Potgieter (UKN),Odean Smith (AR),Rashid Khan (AR),Jofra Archer (BL),Kagiso Rabada (BL)","Rassie van der Dussen,Grant Roelofsen","George Linde,Kagiso Rabada",21 January 2023 (20-over match),Adrian Holdstock,Bongani Jele,Allahudien Paleker,Barry Lambson,Stephen Harris
2023.0,1343955,Durban's Super Giants v Pretoria Capitals,DSG v PC,"15th Match (D/N), SA20 at Durban, Jan 20 2023",DSG,PC,Durban Super Giants,BAT FIRST,80,84/2,80,84/2,PC,Capitals won by 8 wkts (74b rem),2023-01-20T15:30Z,2023-01-21T23:59Z,59089,"Kingsmead, Durban",Quinton de Kock,Wayne Parnell,Senuran Muthusamy,"Pretoria Capitals 5, Durban's Super Giants 0",False,18.1,80.0,10.0,8.0,7.4,84.0,2.0,13.0,,"Heinrich Klaasen,Quinton de Kock","Kyle Mayers,Keshav Maharaj","Kyle Mayers (AR),Wiaan Mulder (AR),Quinton de Kock (WK),Heinrich Klaasen (UKN),Jason Holder (AR),Christiaan Jonker (UKN),Dwaine Pretorius (AR),Keshav Maharaj (BL),Hardus Viljoen (BL),Prenelan Subrayen (AR),Reece Topley (BL)","Phil Salt (WK),Will Jacks (UKN),Theunis de Bruyn (UKN),Rilee Rossouw (UKN),Shane Dadswell (UKN),James Neesham (AR),Wayne Parnell (BL),Eathan Bosch (BL),Adil Rashid (BL),Anrich Nortje (BL),Senuran Muthusamy (AR)","Will Jacks,Theunis de Bruyn","Senuran Muthusamy,Eathan Bosch",20 January 2023 - day/night match (20-over match),Siphelele Gasa,Dennis Smith,Marais Erasmus,Gerrie Pienaar,Shaun George
2023.0,1343954,Paarl Royals v Sunrisers Eastern Cape,PR v SEC,"14th Match (D/N), SA20 at Paarl, Jan 19 2023",PR,SEC,Sunrisers Eastern Cape,BOWL FIRST,127/7,131/5,127/7,131/5,SEC,Eastern Cape won by 5 wkts (10b rem),2023-01-19T15:30Z,2023-01-20T23:59Z,59147,"Boland Park, Paarl",David Miller,Aiden Markram,Aiden Markram,"Sunrisers Eastern Cape 4, Paarl Royals 0",False,20.0,127.0,7.0,8.0,18.2,131.0,5.0,14.0,,"Wihan Lubbe,Corbin Bosch","Bjorn Fortuin,Lungi Ngidi","Jason Roy (UKN),Jos Buttler (WK),Wihan Lubbe (UKN),Corbin Bosch (AR),Eoin Morgan (UKN),David Miller (UKN),Evan Jones (AR),Bjorn Fortuin (BL),Codi Yusuf (AR),Lungi Ngidi (BL),Tabraiz Shamsi (BL)","Adam Rossington (WK),Jordan Hermann (UKN),Sarel Erwee (UKN),Aiden Markram (UKN),Tristan Stubbs (UKN),Jordan Cox (UKN),Marco Jansen (AR),Ayabulela Gqamane (AR),Roelof van der Merwe (AR),Brydon Carse (BL),Sisanda Magala (BL)","Jordan Hermann,Aiden Markram","Aiden Markram,Roelof van der Merwe",19 January 2023 - day/night match (20-over match),Abdoellah Steenkamp,Brad White,Adrian Holdstock,Shaid Wadvalla,Lubabalo Gcuma
2023.0,1343953,Pretoria Capitals v Joburg Super Kings,PC v JSK,"13th Match (D/N), SA20 at Centurion, Jan 18 2023",PC,JSK,Pretoria Capitals,BOWL FIRST,122,123/4,123/4,122,PC,Capitals won by 6 wkts (42b rem),2023-01-18T15:30Z,2023-01-19T23:59Z,59079,"SuperSport Park, Centurion",Wayne Parnell,Faf du Plessis,James Neesham,"Pretoria Capitals 5, Joburg Super Kings 0",False,13.0,123.0,4.0,17.0,15.4,122.0,10.0,19.0,,"Phil Salt,Will Jacks","James Neesham,Anrich Nortje","Phil Salt (WK),Will Jacks (UKN),Theunis de Bruyn (UKN),Rilee Rossouw (UKN),Shane Dadswell (UKN),James Neesham (AR),Wayne Parnell (BL),Migael Pretorius (BL),Eathan Bosch (BL),Adil Rashid (BL),Anrich Nortje (BL)","Reeza Hendricks (UKN),Faf du Plessis (UKN),Leus du Plooy (UKN),Kyle Verreynne (WK),Lewis Gregory (AR),Donovan Ferreira (AR),Romario Shepherd (AR),Gerald Coetzee (BL),Alzarri Joseph (BL),Aaron Phangiso (BL),Nandre Burger (AR)","Faf du Plessis,Aaron Phangiso","Lewis Gregory,Nandre Burger",18 January 2023 - day/night match (20-over match),Marais Erasmus,Dennis Smith,Shaun George,Barry Lambson,Siphelele Gasa
2023.0,1343952,MI Cape Town v Sunrisers Eastern Cape,MICT v SEC,"12th Match, SA20 at Cape Town, Jan 18 2023",MICT,SEC,Sunrisers Eastern Cape,BOWL FIRST,171/6,172/8,171/6,172/8,SEC,Eastern Cape won by 2 wkts (3b rem),2023-01-18T11:30Z,2023-01-19T23:59Z,59068,"Newlands, Cape Town",Rashid Khan,Aiden Markram,Marco Jansen,"Sunrisers Eastern Cape 4, MI Cape Town 0",False,20.0,171.0,6.0,22.0,19.3,172.0,8.0,19.0,,"Grant Roelofsen,Ryan Rickelton","Kagiso Rabada,Jofra Archer","Dewald Brevis (AR),Ryan Rickelton (UKN),Grant Roelofsen (WK),George Linde (AR),Rassie van der Dussen (UKN),Sam Curran (AR),Delano Potgieter (UKN),Odean Smith (AR),Rashid Khan (AR),Kagiso Rabada (BL),Jofra Archer (BL)","Adam Rossington (WK),JJ Smuts (AR),Sarel Erwee (UKN),Aiden Markram (UKN),Tristan Stubbs (UKN),Jordan Cox (UKN),Marco Jansen (AR),Brydon Carse (BL),Roelof van der Merwe (AR),Sisanda Magala (BL),Ottniel Baartman (BL)","Marco Jansen,Tristan Stubbs","Roelof van der Merwe,Ottniel Baartman",18 January 2023 (20-over match),Arno Jacobs,Bongani Jele,Allahudien Paleker,Shaid Wadvalla,Abdoellah Steenkamp
2023.0,1343951,Joburg Super Kings v Pretoria Capitals,JSK v PC,"11th Match (D/N), SA20 at Johannesburg, Jan 17 2023",JSK,PC,Pretoria Capitals,BOWL FIRST,168/6,162,168/6,162,JSK,Super Kings won by 6 runs,2023-01-17T15:30Z,2023-01-18T23:59Z,59120,"The Wanderers Stadium, Johannesburg",Faf du Plessis,Wayne Parnell,Leus du Plooy,"Joburg Super Kings 4, Pretoria Capitals 0",False,20.0,168.0,6.0,24.0,20.0,162.0,10.0,21.0,,"Leus du Plooy,Reeza Hendricks","Aaron Phangiso,Romario Shepherd","Reeza Hendricks (UKN),Faf du Plessis (UKN),Leus du Plooy (UKN),Donovan Ferreira (AR),Romario Shepherd (AR),Sibonelo Makhanya (UKN),Gerald Coetzee (BL),Kyle Verreynne (WK),Alzarri Joseph (BL),Maheesh Theekshana (BL),Aaron Phangiso (BL)","Phil Salt (WK),Will Jacks (UKN),Rilee Rossouw (UKN),Theunis de Bruyn (UKN),Shane Dadswell (UKN),James Neesham (AR),Eathan Bosch (BL),Wayne Parnell (BL),Migael Pretorius (BL),Adil Rashid (BL),Anrich Nortje (BL)","Phil Salt,James Neesham","Eathan Bosch,Anrich Nortje",17 January 2023 - day/night match (20-over match),Marais Erasmus,Shaun George,Dennis Smith,Gerrie Pienaar,Siphelele Gasa
2023.0,1343950,Paarl Royals v Durban's Super Giants,PR v DSG,"10th Match, SA20 at Paarl, Jan 17 2023",PR,DSG,Durban Super Giants,BOWL FIRST,169/6,159/8,169/6,159/8,PR,Royals won by 10 runs,2023-01-17T11:30Z,2023-01-18T23:59Z,59147,"Boland Park, Paarl",David Miller,Quinton de Kock,Bjorn Fortuin,"Paarl Royals 4, Durban's Super Giants 0",False,20.0,169.0,6.0,16.0,20.0,159.0,8.0,16.0,,"Wihan Lubbe,Jos Buttler","Evan Jones,Bjorn Fortuin","Jason Roy (UKN),Jos Buttler (WK),Wihan Lubbe (UKN),Dane Vilas (UKN),David Miller (UKN),Eoin Morgan (UKN),Evan Jones (AR),Ferisco Adams (AR),Bjorn Fortuin (BL),Lungi Ngidi (BL),Tabraiz Shamsi (BL)","Kyle Mayers (AR),Wiaan Mulder (AR),Quinton de Kock (WK),Dwaine Pretorius (AR),Heinrich Klaasen (UKN),Jason Holder (AR),Christiaan Jonker (UKN),Keshav Maharaj (BL),Hardus Viljoen (BL),Prenelan Subrayen (AR),Reece Topley (BL)","Heinrich Klaasen,Wiaan Mulder","Dwaine Pretorius,Prenelan Subrayen",17 January 2023 (20-over match),Adrian Holdstock,Brad White,Lubabalo Gcuma,Laurence Matroos,Abdoellah Steenkamp
2023.0,1343949,Sunrisers Eastern Cape v MI Cape Town,SEC v MICT,"9th Match (D/N), SA20 at Gqeberha, Jan 16 2023",SEC,MICT,Sunrisers Eastern Cape,BOWL FIRST,158/8,162/6,162/6,158/8,SEC,Eastern Cape won by 4 wkts (3b rem),2023-01-16T15:30Z,2023-01-17T23:59Z,59159,"St George's Park, Gqeberha",Aiden Markram,Rashid Khan,Aiden Markram,"Sunrisers Eastern Cape 4, MI Cape Town 0",False,19.3,162.0,6.0,20.0,20.0,158.0,8.0,20.0,,"Aiden Markram,Sarel Erwee","Ottniel Baartman,Aiden Markram","Adam Rossington (WK),JJ Smuts (AR),Sarel Erwee (UKN),Aiden Markram (UKN),Tristan Stubbs (UKN),Jordan Cox (UKN),Marco Jansen (AR),James Fuller (AR),Roelof van der Merwe (AR),Sisanda Magala (BL),Ottniel Baartman (BL)","Dewald Brevis (AR),Ryan Rickelton (UKN),Grant Roelofsen (WK),Sam Curran (AR),Rassie van der Dussen (UKN),George Linde (AR),Odean Smith (AR),Delano Potgieter (UKN),Rashid Khan (AR),Kagiso Rabada (BL),Olly Stone (BL)","George Linde,Rassie van der Dussen","Odean Smith,Sam Curran",16 January 2023 - day/night match (20-over match),Stephen Harris,Allahudien Paleker,Bongani Jele,Shaid Wadvalla,Arno Jacobs
2023.0,1343948,Durban's Super Giants v Paarl Royals,DSG v PR,"8th Match, SA20 at Durban, Jan 15 2023",DSG,PR,Durban Super Giants,BAT FIRST,216/4,189/8,216/4,189/8,DSG,Super Giants won by 27 runs,2023-01-15T11:30Z,2023-01-16T23:59Z,59089,"Kingsmead, Durban",Quinton de Kock,David Miller,Heinrich Klaasen,"Durban's Super Giants 4, Paarl Royals 0",False,20.0,216.0,4.0,29.0,20.0,189.0,8.0,21.0,,"Quinton de Kock,Heinrich Klaasen","Reece Topley,Dwaine Pretorius","Kyle Mayers (AR),Wiaan Mulder (AR),Quinton de Kock (WK),Heinrich Klaasen (UKN),Keemo Paul (AR),Dwaine Pretorius (AR),Jason Holder (AR),Keshav Maharaj (BL),Simon Harmer (BL),Prenelan Subrayen (AR),Reece Topley (BL)","Jason Roy (UKN),Jos Buttler (WK),Wihan Lubbe (UKN),David Miller (UKN),Eoin Morgan (UKN),Dane Vilas (UKN),Evan Jones (AR),Ferisco Adams (AR),Bjorn Fortuin (BL),Imran Manack (BL),Lungi Ngidi (BL)","Eoin Morgan,Dane Vilas","Lungi Ngidi,Evan Jones",15 January 2023 (20-over match),Siphelele Gasa,Abdoellah Steenkamp,Brad White,Zed Ndamane,Dennis Smith
2023.0,1343947,MI Cape Town v Joburg Super Kings,MICT v JSK,"7th Match (D/N), SA20 at Cape Town, Jan 14 2023",MICT,JSK,MI Cape Town,BOWL FIRST,105/9,107/3,107/3,105/9,MICT,MI Cape Town won by 7 wkts (22b rem),2023-01-14T15:30Z,2023-01-15T23:59Z,59068,"Newlands, Cape Town",Rashid Khan,Faf du Plessis,Kagiso Rabada,"MI Cape Town 4, Joburg Super Kings 0",False,16.2,107.0,3.0,10.0,20.0,105.0,9.0,8.0,,"Dewald Brevis,Ryan Rickelton","Kagiso Rabada,Odean Smith","Dewald Brevis (AR),Ryan Rickelton (UKN),Rassie van der Dussen (UKN),Grant Roelofsen (WK),Sam Curran (AR),Delano Potgieter (UKN),Odean Smith (AR),George Linde (AR),Rashid Khan (AR),Kagiso Rabada (BL),Waqar Salamkheil (BL)","Janneman Malan (UKN),Reeza Hendricks (UKN),Faf du Plessis (UKN),Kyle Verreynne (WK),Leus du Plooy (UKN),Donovan Ferreira (AR),Romario Shepherd (AR),George Garton (AR),Alzarri Joseph (BL),Gerald Coetzee (BL),Aaron Phangiso (BL)","Leus du Plooy,Janneman Malan","Gerald Coetzee,Romario Shepherd",14 January 2023 - day/night match (20-over match),Marais Erasmus,Adrian Holdstock,Shaun George,Laurence Matroos,Lubabalo Gcuma
2023.0,1343946,Pretoria Capitals v Sunrisers Eastern Cape,PC v SEC,"6th Match, SA20 at Centurion, Jan 14 2023",PC,SEC,Sunrisers Eastern Cape,BOWL FIRST,216/6,179/7,216/6,179/7,PC,Capitals won by 37 runs,2023-01-14T11:30Z,2023-01-15T23:59Z,59079,"SuperSport Park, Centurion",Wayne Parnell,Aiden Markram,Will Jacks,"Pretoria Capitals 4, Sunrisers Eastern Cape 0",False,20.0,216.0,6.0,31.0,20.0,179.0,7.0,23.0,,"Will Jacks,Theunis de Bruyn","Wayne Parnell,Adil Rashid","Phil Salt (WK),Will Jacks (UKN),Rilee Rossouw (UKN),Theunis de Bruyn (UKN),James Neesham (AR),Shane Dadswell (UKN),Wayne Parnell (BL),Migael Pretorius (BL),Eathan Bosch (BL),Adil Rashid (BL),Anrich Nortje (BL)","Sarel Erwee (UKN),JJ Smuts (AR),Jordan Cox (WK),Aiden Markram (UKN),Tristan Stubbs (UKN),Marques Ackerman (UKN),James Fuller (AR),Marco Jansen (AR),Brydon Carse (BL),Sisanda Magala (BL),Ottniel Baartman (BL)","Aiden Markram,Marco Jansen","Sisanda Magala,Ottniel Baartman",14 January 2023 (20-over match),Arno Jacobs,Allahudien Paleker,Bongani Jele,Barry Lambson,Stephen Harris
2023.0,1343945,MI Cape Town v Durban's Super Giants,MICT v DSG,"5th Match (D/N), SA20 at Cape Town, Jan 13 2023",MICT,DSG,Durban Super Giants,BOWL FIRST,152/8,154/5,152/8,154/5,DSG,Super Giants won by 5 wkts (21b rem),2023-01-13T15:30Z,2023-01-14T23:59Z,59068,"Newlands, Cape Town",Rashid Khan,Quinton de Kock,Kyle Mayers,"Durban's Super Giants 4, MI Cape Town 0",False,20.0,152.0,8.0,17.0,16.3,154.0,5.0,21.0,,"Grant Roelofsen,George Linde","Olly Stone,George Linde","Dewald Brevis (AR),Ryan Rickelton (UKN),Grant Roelofsen (WK),Rassie van der Dussen (UKN),Sam Curran (AR),George Linde (AR),Duan Jansen (BL),Rashid Khan (AR),Delano Potgieter (UKN),Olly Stone (BL),Jofra Archer (BL)","Kyle Mayers (AR),Quinton de Kock (WK),Wiaan Mulder (AR),Heinrich Klaasen (UKN),Jason Holder (AR),Dwaine Pretorius (AR),Keemo Paul (AR),Reece Topley (BL),Keshav Maharaj (BL),Hardus Viljoen (BL),Prenelan Subrayen (AR)","Heinrich Klaasen,Kyle Mayers","Prenelan Subrayen,Reece Topley",13 January 2023 - day/night match (20-over match),Shaun George,Brad White,Adrian Holdstock,Laurence Matroos,Siphelele Gasa
2023.0,1343944,Paarl Royals v Joburg Super Kings,PR v JSK,"4th Match, SA20 at Paarl, Jan 13 2023",PR,JSK,Joburg Super Kings,BAT FIRST,81,82/3,82/3,81,PR,Royals won by 7 wkts (57b rem),2023-01-13T11:30Z,2023-01-14T23:59Z,59147,"Boland Park, Paarl",David Miller,Faf du Plessis,Bjorn Fortuin,"Paarl Royals 5, Joburg Super Kings 0",False,10.3,82.0,3.0,12.0,17.2,81.0,10.0,7.0,,"Jos Buttler,Wihan Lubbe","Bjorn Fortuin,Evan Jones","Jason Roy (UKN),Jos Buttler (WK),Wihan Lubbe (UKN),Dane Vilas (UKN),David Miller (UKN),Eoin Morgan (UKN),Ferisco Adams (AR),Evan Jones (AR),Bjorn Fortuin (BL),Tabraiz Shamsi (BL),Lungi Ngidi (BL)","Janneman Malan (UKN),Reeza Hendricks (UKN),Faf du Plessis (UKN),Kyle Verreynne (WK),Lewis Gregory (AR),Donovan Ferreira (AR),Romario Shepherd (AR),George Garton (AR),Alzarri Joseph (BL),Lizaad Williams (BL),Aaron Phangiso (BL)","Lizaad Williams,Alzarri Joseph","George Garton,Romario Shepherd",13 January 2023 (20-over match),Lubabalo Gcuma,Dennis Smith,Marais Erasmus,Gerrie Pienaar,Abdoellah Steenkamp
2023.0,1343943,Sunrisers Eastern Cape v Pretoria Capitals,SEC v PC,"3rd Match (D/N), SA20 at Gqeberha, Jan 12 2023",SEC,PC,Sunrisers Eastern Cape,BOWL FIRST,193/6,170/5,170/5,193/6,PC,Capitals won by 23 runs,2023-01-12T15:30Z,2023-01-13T23:59Z,59159,"St George's Park, Gqeberha",Aiden Markram,Wayne Parnell,Phil Salt,"Pretoria Capitals 4, Sunrisers Eastern Cape 0",False,20.0,170.0,5.0,24.0,20.0,193.0,6.0,25.0,,"JJ Smuts,Tom Abell","Aiden Markram,Ottniel Baartman","JJ Smuts (AR),Sarel Erwee (UKN),Jordan Cox (WK),Aiden Markram (UKN),Tristan Stubbs (UKN),Tom Abell (AR),James Fuller (AR),Marco Jansen (AR),Sisanda Magala (BL),Mason Crane (BL),Ottniel Baartman (BL)","Phil Salt (WK),Will Jacks (UKN),Rilee Rossouw (UKN),Theunis de Bruyn (UKN),Senuran Muthusamy (AR),Shane Dadswell (UKN),James Neesham (AR),Wayne Parnell (BL),Eathan Bosch (BL),Adil Rashid (BL),Anrich Nortje (BL)","Phil Salt,James Neesham","Anrich Nortje,Wayne Parnell",12 January 2023 - day/night match (20-over match),Stephen Harris,Bongani Jele,Allahudien Paleker,Zed Ndamane,Arno Jacobs
2023.0,1343942,Durban's Super Giants v Joburg Super Kings,DSG v JSK,"2nd Match (D/N), SA20 at Durban, Jan 11 2023",DSG,JSK,Joburg Super Kings,BAT FIRST,190/6,174/5,174/5,190/6,JSK,Super Kings won by 16 runs,2023-01-11T15:30Z,2023-01-12T23:59Z,59089,"Kingsmead, Durban",Quinton de Kock,Faf du Plessis,Donovan Ferreira,"Joburg Super Kings 4, Durban's Super Giants 0",False,20.0,174.0,5.0,19.0,20.0,190.0,6.0,25.0,,"Quinton de Kock,Kyle Mayers","Prenelan Subrayen,Jason Holder","Kyle Mayers (AR),Quinton de Kock (WK),Heinrich Klaasen (UKN),Wiaan Mulder (AR),Jason Holder (AR),Dwaine Pretorius (AR),Keemo Paul (AR),Matthew Breetzke (UKN),Prenelan Subrayen (AR),Keshav Maharaj (BL),Akila Dananjaya (AR)","Janneman Malan (UKN),Reeza Hendricks (UKN),Faf du Plessis (UKN),Kyle Verreynne (WK),Lewis Gregory (AR),Donovan Ferreira (AR),Romario Shepherd (AR),George Garton (AR),Alzarri Joseph (BL),Malusi Siboto (BL),Aaron Phangiso (BL)","Donovan Ferreira,Romario Shepherd","Alzarri Joseph,Donovan Ferreira",11 January 2023 - day/night match (20-over match),Lubabalo Gcuma,Adrian Holdstock,Shaun George,Shaid Wadvalla,Dennis Smith
2023.0,1343941,MI Cape Town v Paarl Royals,MICT v PR,"1st Match (D/N), SA20 at Cape Town, Jan 10 2023",MICT,PR,MI Cape Town,BOWL FIRST,142/7,143/2,143/2,142/7,MICT,MI Cape Town won by 8 wkts (27b rem),2023-01-10T15:30Z,2023-01-11T23:59Z,59068,"Newlands, Cape Town",Rashid Khan,David Miller,Dewald Brevis,"MI Cape Town 5, Paarl Royals 0",False,15.3,143.0,2.0,19.0,20.0,142.0,7.0,17.0,,"Dewald Brevis,Ryan Rickelton","Jofra Archer,Olly Stone","Dewald Brevis (AR),Ryan Rickelton (UKN),Sam Curran (AR),Rassie van der Dussen (UKN),Grant Roelofsen (WK),Delano Potgieter (UKN),George Linde (AR),Rashid Khan (AR),Duan Jansen (BL),Olly Stone (BL),Jofra Archer (BL)","Wihan Lubbe (UKN),Jos Buttler (WK),Jason Roy (UKN),Dane Vilas (UKN),David Miller (UKN),Eoin Morgan (UKN),Ferisco Adams (AR),Bjorn Fortuin (BL),Ramon Simmonds (BL),Codi Yusuf (AR),Tabraiz Shamsi (BL)","Jos Buttler,David Miller","Ramon Simmonds,Codi Yusuf",10 January 2023 - day/night match (20-over match),Marais Erasmus,Allahudien Paleker,Bongani Jele,Gerrie Pienaar,Abdoellah Steenkamp
